frame_idx,time_sec,bassist_direction,bassist_face_detected,guitarist_direction,guitarist_face_detected,mutual_facing,one_sided_partner,partner_orientation
0,0.0,unknown,True,unknown,False,False,False,none
1,0.0333666666666666,unknown,True,unknown,False,False,False,none
2,0.0667333333333333,unknown,True,unknown,False,False,False,none
3,0.1001,unknown,True,unknown,False,False,False,none
4,0.1334666666666666,unknown,True,unknown,False,False,False,none
5,0.1668333333333333,unknown,True,unknown,False,False,False,none
6,0.2002,unknown,True,unknown,False,False,False,none
7,0.2335666666666666,unknown,True,unknown,False,False,False,none
8,0.2669333333333333,unknown,True,unknown,False,False,False,none
9,0.3003,unknown,True,unknown,False,False,False,none
10,0.3336666666666666,unknown,True,unknown,False,False,False,none
11,0.3670333333333333,unknown,True,unknown,False,False,False,none
12,0.4004,unknown,True,unknown,False,False,False,none
13,0.4337666666666667,unknown,True,unknown,False,False,False,none
14,0.4671333333333333,unknown,True,unknown,False,False,False,none
15,0.5005,unknown,True,unknown,False,False,False,none
16,0.5338666666666667,unknown,True,unknown,False,False,False,none
17,0.5672333333333334,unknown,True,unknown,False,False,False,none
18,0.6006,unknown,True,unknown,False,False,False,none
19,0.6339666666666667,unknown,True,unknown,False,False,False,none
20,0.6673333333333333,unknown,True,unknown,False,False,False,none
21,0.7007,unknown,True,unknown,False,False,False,none
22,0.7340666666666666,unknown,True,unknown,False,False,False,none
23,0.7674333333333333,unknown,True,unknown,False,False,False,none
24,0.8008,unknown,True,unknown,False,False,False,none
25,0.8341666666666666,forward,True,unknown,False,False,False,none
26,0.8675333333333334,forward,True,unknown,False,False,False,none
27,0.9009,forward,True,unknown,False,False,False,none
28,0.9342666666666668,unknown,True,unknown,False,False,False,none
29,0.9676333333333332,unknown,True,unknown,False,False,False,none
30,1.001,forward,True,unknown,False,False,False,none
31,1.0343666666666669,forward,True,unknown,False,False,False,none
32,1.0677333333333334,forward,True,unknown,False,False,False,none
33,1.1011,unknown,True,unknown,False,False,False,none
34,1.1344666666666667,forward,True,unknown,False,False,False,none
35,1.1678333333333333,downward,True,unknown,False,False,False,none
36,1.2012,downward,True,unknown,False,False,False,none
37,1.2345666666666666,downward,True,unknown,False,False,False,none
38,1.2679333333333334,downward,True,unknown,False,False,False,none
39,1.3013,unknown,False,unknown,False,False,False,none
40,1.334666666666667,downward,True,unknown,False,False,False,none
41,1.3680333333333334,downward,True,unknown,False,False,False,none
42,1.4014,downward,True,unknown,False,False,False,none
43,1.4347666666666667,unknown,True,unknown,False,False,False,none
44,1.4681333333333333,downward,True,unknown,False,False,False,none
45,1.5015,unknown,True,unknown,False,False,False,none
46,1.5348666666666666,downward,True,unknown,False,False,False,none
47,1.5682333333333334,unknown,True,unknown,False,False,False,none
48,1.6016,unknown,True,unknown,False,False,False,none
49,1.634966666666667,downward,True,unknown,False,False,False,none
50,1.6683333333333332,downward,True,unknown,False,False,False,none
51,1.7017,downward,True,unknown,False,False,False,none
52,1.7350666666666668,downward,True,unknown,False,False,False,none
53,1.7684333333333333,unknown,True,unknown,False,False,False,none
54,1.8018,unknown,True,unknown,False,False,False,none
55,1.8351666666666664,unknown,True,unknown,False,False,False,none
56,1.8685333333333332,unknown,True,unknown,False,False,False,none
57,1.9019,downward,True,unknown,False,False,False,none
58,1.9352666666666667,unknown,True,unknown,False,False,False,none
59,1.9686333333333328,unknown,True,unknown,False,False,False,none
60,2.002,downward,True,unknown,False,False,False,none
61,2.0353666666666665,forward,True,unknown,False,False,False,none
62,2.0687333333333333,downward,True,unknown,False,False,False,none
63,2.1021,downward,True,unknown,False,False,False,none
64,2.135466666666667,downward,True,unknown,False,False,False,none
65,2.168833333333333,unknown,True,unknown,False,False,False,none
66,2.2022,forward,True,unknown,False,False,False,none
67,2.2355666666666667,unknown,True,unknown,False,False,False,none
68,2.268933333333333,downward,True,unknown,False,False,False,none
69,2.3023,downward,True,unknown,False,False,False,none
70,2.3356666666666666,downward,True,unknown,False,False,False,none
71,2.3690333333333333,unknown,True,unknown,False,False,False,none
72,2.4024,unknown,True,unknown,False,False,False,none
73,2.435766666666667,downward,True,unknown,False,False,False,none
74,2.469133333333333,unknown,True,unknown,False,False,False,none
75,2.5025,unknown,True,unknown,False,False,False,none
76,2.5358666666666667,forward,True,unknown,False,False,False,none
77,2.569233333333333,forward,True,unknown,False,False,False,none
78,2.6026,forward,True,unknown,False,False,False,none
79,2.6359666666666666,unknown,True,unknown,False,False,False,none
80,2.6693333333333333,downward,True,unknown,False,False,False,none
81,2.7027,forward,True,unknown,False,False,False,none
82,2.736066666666667,downward,True,unknown,False,False,False,none
83,2.769433333333333,downward,True,unknown,False,False,False,none
84,2.8028,unknown,True,unknown,False,False,False,none
85,2.8361666666666667,unknown,True,unknown,False,False,False,none
86,2.869533333333333,unknown,True,unknown,False,False,False,none
87,2.9029,downward,True,unknown,False,False,False,none
88,2.9362666666666666,unknown,True,unknown,False,False,False,none
89,2.9696333333333333,unknown,True,unknown,False,False,False,none
90,3.003,forward,True,unknown,False,False,False,none
91,3.036366666666667,forward,True,unknown,False,False,False,none
92,3.069733333333333,forward,True,unknown,False,False,False,none
93,3.1031,forward,True,unknown,False,False,False,none
94,3.1364666666666667,forward,True,unknown,False,False,False,none
95,3.169833333333333,forward,True,unknown,False,False,False,none
96,3.2032,forward,True,unknown,False,False,False,none
97,3.2365666666666666,forward,True,unknown,False,False,False,none
98,3.2699333333333334,forward,True,unknown,False,False,False,none
99,3.3033,unknown,True,unknown,False,False,False,none
100,3.3366666666666664,forward,True,unknown,False,False,False,none
101,3.370033333333333,forward,True,unknown,False,False,False,none
102,3.4034,forward,True,unknown,False,False,False,none
103,3.4367666666666667,unknown,True,unknown,False,False,False,none
104,3.470133333333333,unknown,True,unknown,False,False,False,none
105,3.5035,forward,True,unknown,False,False,False,none
106,3.5368666666666666,forward,True,unknown,False,False,False,none
107,3.5702333333333334,forward,True,unknown,False,False,False,none
108,3.6036,forward,True,unknown,False,False,False,none
109,3.6369666666666665,forward,True,unknown,False,False,False,none
110,3.670333333333333,unknown,True,unknown,False,False,False,none
111,3.7037,forward,True,unknown,False,False,False,none
112,3.7370666666666663,unknown,True,unknown,False,False,False,none
113,3.7704333333333335,forward,True,unknown,False,False,False,none
114,3.8038,unknown,True,unknown,False,False,False,none
115,3.8371666666666666,unknown,True,unknown,False,False,False,none
116,3.870533333333333,unknown,True,unknown,False,False,False,none
117,3.9039,unknown,True,unknown,False,False,False,none
118,3.9372666666666665,unknown,True,unknown,False,False,False,none
119,3.970633333333333,unknown,True,unknown,False,False,False,none
120,4.004,unknown,True,unknown,False,False,False,none
121,4.037366666666666,unknown,True,unknown,False,False,False,none
122,4.070733333333333,unknown,True,unknown,False,False,False,none
123,4.1041,unknown,True,unknown,False,False,False,none
124,4.137466666666667,unknown,True,unknown,False,False,False,none
125,4.170833333333333,unknown,True,unknown,False,False,False,none
126,4.2042,unknown,True,unknown,False,False,False,none
127,4.237566666666667,unknown,True,unknown,False,False,False,none
128,4.270933333333334,unknown,True,unknown,False,False,False,none
129,4.3043,unknown,True,unknown,False,False,False,none
130,4.337666666666666,unknown,True,unknown,False,False,False,none
131,4.371033333333333,unknown,True,unknown,False,False,False,none
132,4.4044,unknown,True,unknown,False,False,False,none
133,4.437766666666667,downward,True,unknown,False,False,False,none
134,4.471133333333333,unknown,True,unknown,False,False,False,none
135,4.5045,downward,True,unknown,False,False,False,none
136,4.537866666666667,downward,True,unknown,False,False,False,none
137,4.571233333333334,unknown,True,unknown,False,False,False,none
138,4.6046,downward,True,unknown,False,False,False,none
139,4.637966666666666,downward,True,unknown,False,False,False,none
140,4.671333333333333,downward,True,unknown,False,False,False,none
141,4.7047,downward,True,unknown,False,False,False,none
142,4.738066666666667,downward,True,unknown,False,False,False,none
143,4.771433333333333,downward,True,unknown,False,False,False,none
144,4.8048,downward,True,unknown,False,False,False,none
145,4.838166666666667,downward,True,unknown,False,False,False,none
146,4.871533333333334,downward,True,unknown,False,False,False,none
147,4.9049,downward,True,unknown,False,False,False,none
148,4.938266666666666,unknown,False,unknown,False,False,False,none
149,4.971633333333333,unknown,False,unknown,False,False,False,none
150,5.005,unknown,False,unknown,False,False,False,none
151,5.038366666666667,unknown,False,unknown,False,False,False,none
152,5.071733333333333,unknown,False,unknown,False,False,False,none
153,5.1051,unknown,False,unknown,False,False,False,none
154,5.138466666666667,unknown,False,unknown,False,False,False,none
155,5.171833333333334,unknown,False,unknown,False,False,False,none
156,5.2052,unknown,False,unknown,False,False,False,none
157,5.238566666666666,unknown,False,unknown,False,False,False,none
158,5.271933333333333,unknown,False,unknown,False,False,False,none
159,5.3053,unknown,False,unknown,False,False,False,none
160,5.338666666666667,unknown,False,unknown,False,False,False,none
161,5.372033333333333,unknown,False,unknown,False,False,False,none
162,5.4054,unknown,False,unknown,False,False,False,none
163,5.438766666666667,unknown,False,unknown,False,False,False,none
164,5.472133333333334,unknown,False,unknown,False,False,False,none
165,5.5055,unknown,False,unknown,False,False,False,none
166,5.538866666666666,unknown,False,unknown,False,False,False,none
167,5.572233333333333,unknown,False,unknown,False,False,False,none
168,5.6056,unknown,False,unknown,False,False,False,none
169,5.638966666666667,unknown,False,unknown,False,False,False,none
170,5.672333333333333,unknown,False,unknown,False,False,False,none
171,5.7057,unknown,False,unknown,False,False,False,none
172,5.739066666666667,unknown,False,unknown,False,False,False,none
173,5.772433333333334,unknown,False,unknown,False,False,False,none
174,5.8058,unknown,False,unknown,False,False,False,none
175,5.839166666666666,unknown,False,unknown,False,False,False,none
176,5.872533333333333,unknown,False,unknown,False,False,False,none
177,5.9059,unknown,False,unknown,False,False,False,none
178,5.939266666666667,unknown,False,unknown,False,False,False,none
179,5.9726333333333335,unknown,False,unknown,False,False,False,none
180,6.006,unknown,False,unknown,False,False,False,none
181,6.039366666666667,unknown,False,unknown,False,False,False,none
182,6.072733333333334,unknown,False,unknown,False,False,False,none
183,6.1061,unknown,False,unknown,False,False,False,none
184,6.139466666666666,unknown,False,unknown,False,False,False,none
185,6.172833333333333,unknown,False,unknown,False,False,False,none
186,6.2062,unknown,False,unknown,False,False,False,none
187,6.239566666666667,unknown,False,unknown,False,False,False,none
188,6.2729333333333335,unknown,False,unknown,False,False,False,none
189,6.3063,unknown,False,unknown,False,False,False,none
190,6.339666666666667,unknown,False,unknown,False,False,False,none
191,6.373033333333334,unknown,False,unknown,False,False,False,none
192,6.4064,unknown,False,unknown,False,False,False,none
193,6.439766666666666,unknown,False,unknown,False,False,False,none
194,6.473133333333333,unknown,False,unknown,False,False,False,none
195,6.5065,unknown,False,unknown,False,False,False,none
196,6.539866666666667,unknown,False,unknown,False,False,False,none
197,6.5732333333333335,unknown,False,unknown,False,False,False,none
198,6.6066,unknown,False,unknown,False,False,False,none
199,6.639966666666667,unknown,False,unknown,False,False,False,none
200,6.673333333333333,unknown,False,unknown,False,False,False,none
201,6.7067,unknown,False,unknown,False,False,False,none
202,6.740066666666666,unknown,False,unknown,False,False,False,none
203,6.773433333333333,unknown,False,unknown,False,False,False,none
204,6.8068,unknown,False,unknown,False,False,False,none
205,6.840166666666667,unknown,False,unknown,False,False,False,none
206,6.8735333333333335,unknown,False,unknown,False,False,False,none
207,6.9069,unknown,False,unknown,False,False,False,none
208,6.940266666666667,unknown,False,unknown,False,False,False,none
209,6.973633333333333,unknown,False,unknown,False,False,False,none
210,7.007,unknown,False,unknown,False,False,False,none
211,7.040366666666666,unknown,False,unknown,False,False,False,none
212,7.073733333333333,unknown,False,unknown,False,False,False,none
213,7.1071,unknown,False,unknown,False,False,False,none
214,7.140466666666667,unknown,False,unknown,False,False,False,none
215,7.1738333333333335,unknown,False,unknown,False,False,False,none
216,7.2072,unknown,False,unknown,False,False,False,none
217,7.240566666666667,unknown,False,unknown,False,False,False,none
218,7.273933333333333,unknown,False,unknown,False,False,False,none
219,7.3073,unknown,False,unknown,False,False,False,none
220,7.340666666666666,unknown,False,unknown,False,False,False,none
221,7.374033333333333,unknown,False,unknown,False,False,False,none
222,7.4074,unknown,False,unknown,False,False,False,none
223,7.440766666666667,unknown,False,unknown,False,False,False,none
224,7.474133333333333,unknown,False,unknown,False,False,False,none
225,7.5075,downward,True,unknown,False,False,False,none
226,7.540866666666667,downward,True,unknown,False,False,False,none
227,7.574233333333333,downward,True,unknown,False,False,False,none
228,7.6076,downward,True,unknown,False,False,False,none
229,7.640966666666666,unknown,True,unknown,False,False,False,none
230,7.674333333333333,downward,True,unknown,False,False,False,none
231,7.7077,forward,True,unknown,False,False,False,none
232,7.741066666666667,unknown,True,unknown,False,False,False,none
233,7.774433333333333,forward,True,unknown,False,False,False,none
234,7.8078,forward,True,unknown,False,False,False,none
235,7.841166666666667,forward,True,unknown,False,False,False,none
236,7.874533333333333,forward,True,unknown,False,False,False,none
237,7.9079,forward,True,unknown,False,False,False,none
238,7.941266666666666,forward,True,unknown,False,False,False,none
239,7.974633333333333,forward,True,unknown,False,False,False,none
240,8.008,forward,True,unknown,False,False,False,none
241,8.041366666666667,forward,True,unknown,False,False,False,none
242,8.074733333333333,forward,True,unknown,False,False,False,none
243,8.1081,forward,True,unknown,False,False,False,none
244,8.141466666666666,forward,True,unknown,False,False,False,none
245,8.174833333333334,forward,True,unknown,False,False,False,none
246,8.2082,forward,True,unknown,False,False,False,none
247,8.241566666666667,unknown,True,unknown,False,False,False,none
248,8.274933333333333,unknown,True,unknown,False,False,False,none
249,8.3083,unknown,True,unknown,False,False,False,none
250,8.341666666666667,unknown,True,unknown,False,False,False,none
251,8.375033333333333,unknown,True,unknown,False,False,False,none
252,8.4084,forward,True,unknown,False,False,False,none
253,8.441766666666666,unknown,True,unknown,False,False,False,none
254,8.475133333333334,forward,True,unknown,False,False,False,none
255,8.5085,forward,True,unknown,False,False,False,none
256,8.541866666666667,forward,True,unknown,False,False,False,none
257,8.575233333333333,forward,True,unknown,False,False,False,none
258,8.6086,forward,True,unknown,False,False,False,none
259,8.641966666666667,forward,True,unknown,False,False,False,none
260,8.675333333333333,forward,True,unknown,False,False,False,none
261,8.7087,forward,True,unknown,False,False,False,none
262,8.742066666666666,forward,True,unknown,False,False,False,none
263,8.775433333333334,forward,True,unknown,False,False,False,none
264,8.8088,forward,True,unknown,False,False,False,none
265,8.842166666666667,unknown,True,unknown,False,False,False,none
266,8.875533333333333,unknown,True,unknown,False,False,False,none
267,8.9089,unknown,True,unknown,False,False,False,none
268,8.942266666666667,unknown,True,unknown,False,False,False,none
269,8.975633333333333,unknown,True,unknown,False,False,False,none
270,9.009,unknown,True,unknown,False,False,False,none
271,9.042366666666666,unknown,True,unknown,False,False,False,none
272,9.075733333333334,unknown,True,unknown,False,False,False,none
273,9.1091,unknown,True,unknown,False,False,False,none
274,9.142466666666667,unknown,True,unknown,False,False,False,none
275,9.175833333333332,unknown,True,unknown,False,False,False,none
276,9.2092,unknown,True,unknown,False,False,False,none
277,9.242566666666669,unknown,True,unknown,False,False,False,none
278,9.275933333333333,unknown,True,unknown,False,False,False,none
279,9.3093,unknown,True,unknown,False,False,False,none
280,9.342666666666666,unknown,True,unknown,False,False,False,none
281,9.376033333333334,unknown,True,unknown,False,False,False,none
282,9.4094,unknown,True,unknown,False,False,False,none
283,9.442766666666667,unknown,True,unknown,False,False,False,none
284,9.476133333333332,unknown,True,unknown,False,False,False,none
285,9.5095,unknown,True,unknown,False,False,False,none
286,9.542866666666669,unknown,True,unknown,False,False,False,none
287,9.576233333333333,unknown,True,unknown,False,False,False,none
288,9.6096,unknown,True,unknown,False,False,False,none
289,9.642966666666666,unknown,True,unknown,False,False,False,none
290,9.676333333333334,unknown,True,unknown,False,False,False,none
291,9.7097,unknown,True,unknown,False,False,False,none
292,9.743066666666667,unknown,True,unknown,False,False,False,none
293,9.776433333333332,unknown,True,unknown,False,False,False,none
294,9.8098,unknown,True,unknown,False,False,False,none
295,9.843166666666669,unknown,True,unknown,False,False,False,none
296,9.876533333333333,unknown,True,unknown,False,False,False,none
297,9.9099,unknown,True,unknown,False,False,False,none
298,9.943266666666666,unknown,True,unknown,False,False,False,none
299,9.976633333333334,unknown,True,unknown,False,False,False,none
300,10.01,unknown,True,unknown,False,False,False,none
301,10.043366666666667,unknown,True,unknown,False,False,False,none
302,10.076733333333332,unknown,True,unknown,False,False,False,none
303,10.1101,unknown,True,unknown,False,False,False,none
304,10.143466666666669,unknown,True,unknown,False,False,False,none
305,10.176833333333333,unknown,True,unknown,False,False,False,none
306,10.2102,unknown,True,unknown,False,False,False,none
307,10.243566666666666,unknown,True,unknown,False,False,False,none
308,10.276933333333334,unknown,True,unknown,False,False,False,none
309,10.3103,unknown,True,unknown,False,False,False,none
310,10.343666666666667,unknown,True,unknown,False,False,False,none
311,10.377033333333332,unknown,True,unknown,False,False,False,none
312,10.4104,unknown,True,unknown,False,False,False,none
313,10.443766666666669,unknown,True,unknown,False,False,False,none
314,10.477133333333333,unknown,True,unknown,False,False,False,none
315,10.5105,unknown,True,unknown,False,False,False,none
316,10.543866666666666,unknown,True,unknown,False,False,False,none
317,10.577233333333334,unknown,True,unknown,False,False,False,none
318,10.6106,unknown,True,unknown,False,False,False,none
319,10.643966666666667,unknown,True,unknown,False,False,False,none
320,10.677333333333332,unknown,True,unknown,False,False,False,none
321,10.7107,unknown,True,unknown,False,False,False,none
322,10.744066666666669,unknown,True,unknown,False,False,False,none
323,10.777433333333333,unknown,True,unknown,False,False,False,none
324,10.8108,unknown,True,unknown,False,False,False,none
325,10.844166666666666,unknown,True,unknown,False,False,False,none
326,10.877533333333334,unknown,True,unknown,False,False,False,none
327,10.9109,unknown,True,unknown,False,False,False,none
328,10.944266666666667,unknown,True,unknown,False,False,False,none
329,10.977633333333332,unknown,True,unknown,False,False,False,none
330,11.011,forward,True,unknown,False,False,False,none
331,11.044366666666669,unknown,True,unknown,False,False,False,none
332,11.077733333333333,unknown,True,unknown,False,False,False,none
333,11.1111,forward,True,unknown,False,False,False,none
334,11.144466666666666,unknown,True,unknown,False,False,False,none
335,11.177833333333334,unknown,True,unknown,False,False,False,none
336,11.2112,unknown,True,unknown,False,False,False,none
337,11.244566666666667,forward,True,unknown,False,False,False,none
338,11.277933333333332,forward,True,unknown,False,False,False,none
339,11.3113,forward,True,unknown,False,False,False,none
340,11.344666666666669,forward,True,unknown,False,False,False,none
341,11.378033333333333,forward,True,unknown,False,False,False,none
342,11.4114,forward,True,unknown,False,False,False,none
343,11.444766666666666,forward,True,unknown,False,False,False,none
344,11.478133333333334,forward,True,unknown,False,False,False,none
345,11.5115,forward,True,unknown,False,False,False,none
346,11.544866666666667,forward,True,unknown,False,False,False,none
347,11.578233333333332,forward,True,unknown,False,False,False,none
348,11.6116,forward,True,unknown,False,False,False,none
349,11.644966666666669,forward,True,unknown,False,False,False,none
350,11.678333333333333,forward,True,unknown,False,False,False,none
351,11.7117,forward,True,unknown,False,False,False,none
352,11.745066666666666,forward,True,unknown,False,False,False,none
353,11.778433333333334,forward,True,unknown,False,False,False,none
354,11.8118,forward,True,unknown,False,False,False,none
355,11.845166666666668,forward,True,unknown,False,False,False,none
356,11.878533333333332,forward,True,unknown,False,False,False,none
357,11.9119,forward,True,unknown,False,False,False,none
358,11.945266666666669,forward,True,unknown,False,False,False,none
359,11.978633333333333,forward,True,unknown,False,False,False,none
360,12.012,forward,True,unknown,False,False,False,none
361,12.045366666666666,forward,True,unknown,False,False,False,none
362,12.078733333333334,forward,True,unknown,False,False,False,none
363,12.1121,forward,True,unknown,False,False,False,none
364,12.145466666666668,forward,True,unknown,False,False,False,none
365,12.178833333333332,forward,True,unknown,False,False,False,none
366,12.2122,forward,True,unknown,False,False,False,none
367,12.245566666666669,forward,True,unknown,False,False,False,none
368,12.278933333333333,unknown,True,unknown,False,False,False,none
369,12.3123,unknown,True,unknown,False,False,False,none
370,12.345666666666666,unknown,True,unknown,False,False,False,none
371,12.379033333333334,unknown,True,unknown,False,False,False,none
372,12.4124,unknown,True,unknown,False,False,False,none
373,12.445766666666668,unknown,True,unknown,False,False,False,none
374,12.479133333333332,unknown,True,unknown,False,False,False,none
375,12.5125,unknown,True,unknown,False,False,False,none
376,12.545866666666669,unknown,True,unknown,False,False,False,none
377,12.579233333333333,unknown,True,unknown,False,False,False,none
378,12.6126,unknown,True,unknown,False,False,False,none
379,12.645966666666666,unknown,True,unknown,False,False,False,none
380,12.679333333333334,unknown,True,unknown,False,False,False,none
381,12.7127,unknown,True,unknown,False,False,False,none
382,12.746066666666668,unknown,True,unknown,False,False,False,none
383,12.779433333333332,unknown,True,unknown,False,False,False,none
384,12.8128,unknown,True,unknown,False,False,False,none
385,12.846166666666669,unknown,True,unknown,False,False,False,none
386,12.879533333333333,unknown,True,unknown,False,False,False,none
387,12.9129,unknown,True,unknown,False,False,False,none
388,12.946266666666666,unknown,True,unknown,False,False,False,none
389,12.979633333333334,unknown,True,unknown,False,False,False,none
390,13.013,unknown,True,unknown,False,False,False,none
391,13.046366666666666,unknown,True,unknown,False,False,False,none
392,13.079733333333332,unknown,True,unknown,False,False,False,none
393,13.1131,unknown,True,unknown,False,False,False,none
394,13.146466666666669,unknown,True,unknown,False,False,False,none
395,13.179833333333333,unknown,True,unknown,False,False,False,none
396,13.2132,unknown,True,unknown,False,False,False,none
397,13.246566666666666,unknown,True,unknown,False,False,False,none
398,13.279933333333334,unknown,True,unknown,False,False,False,none
399,13.3133,unknown,True,unknown,False,False,False,none
400,13.346666666666666,unknown,True,unknown,False,False,False,none
401,13.380033333333332,unknown,True,unknown,False,False,False,none
402,13.4134,unknown,True,unknown,False,False,False,none
403,13.446766666666669,unknown,True,unknown,False,False,False,none
404,13.480133333333333,unknown,True,unknown,False,False,False,none
405,13.5135,unknown,True,unknown,False,False,False,none
406,13.546866666666666,unknown,True,unknown,False,False,False,none
407,13.580233333333334,unknown,True,unknown,False,False,False,none
408,13.6136,unknown,True,unknown,False,False,False,none
409,13.646966666666666,unknown,True,unknown,False,False,False,none
410,13.680333333333332,unknown,True,unknown,False,False,False,none
411,13.7137,unknown,True,unknown,False,False,False,none
412,13.747066666666669,unknown,True,unknown,False,False,False,none
413,13.780433333333333,unknown,True,unknown,False,False,False,none
414,13.8138,unknown,True,unknown,False,False,False,none
415,13.847166666666666,unknown,True,unknown,False,False,False,none
416,13.880533333333334,unknown,True,unknown,False,False,False,none
417,13.9139,unknown,True,unknown,False,False,False,none
418,13.947266666666666,unknown,True,unknown,False,False,False,none
419,13.980633333333332,unknown,True,unknown,False,False,False,none
420,14.014,unknown,True,unknown,False,False,False,none
421,14.047366666666669,unknown,True,unknown,False,False,False,none
422,14.080733333333333,unknown,True,unknown,False,False,False,none
423,14.1141,unknown,True,unknown,False,False,False,none
424,14.147466666666666,unknown,True,unknown,False,False,False,none
425,14.180833333333334,unknown,True,unknown,False,False,False,none
426,14.2142,unknown,True,unknown,False,False,False,none
427,14.247566666666666,unknown,True,unknown,False,False,False,none
428,14.280933333333332,unknown,True,unknown,False,False,False,none
429,14.3143,unknown,True,unknown,False,False,False,none
430,14.347666666666669,unknown,True,unknown,False,False,False,none
431,14.381033333333331,unknown,True,unknown,False,False,False,none
432,14.4144,unknown,True,unknown,False,False,False,none
433,14.447766666666666,unknown,True,unknown,False,False,False,none
434,14.481133333333334,unknown,True,unknown,False,False,False,none
435,14.5145,unknown,True,unknown,False,False,False,none
436,14.547866666666666,unknown,True,unknown,False,False,False,none
437,14.581233333333332,unknown,True,unknown,False,False,False,none
438,14.6146,unknown,True,unknown,False,False,False,none
439,14.647966666666669,unknown,True,unknown,False,False,False,none
440,14.681333333333331,unknown,True,unknown,False,False,False,none
441,14.7147,forward,True,unknown,False,False,False,none
442,14.748066666666666,unknown,True,unknown,False,False,False,none
443,14.781433333333334,unknown,True,unknown,False,False,False,none
444,14.8148,forward,True,unknown,False,False,False,none
445,14.848166666666666,forward,True,unknown,False,False,False,none
446,14.881533333333334,forward,True,unknown,False,False,False,none
447,14.9149,forward,True,unknown,False,False,False,none
448,14.948266666666669,forward,True,unknown,False,False,False,none
449,14.981633333333331,forward,True,unknown,False,False,False,none
450,15.015,forward,True,unknown,False,False,False,none
451,15.048366666666666,forward,True,unknown,False,False,False,none
452,15.081733333333334,forward,True,unknown,False,False,False,none
453,15.1151,forward,True,unknown,False,False,False,none
454,15.148466666666666,forward,True,unknown,False,False,False,none
455,15.181833333333334,forward,True,unknown,False,False,False,none
456,15.2152,forward,True,unknown,False,False,False,none
457,15.248566666666669,forward,True,unknown,False,False,False,none
458,15.281933333333331,forward,True,unknown,False,False,False,none
459,15.3153,forward,True,unknown,False,False,False,none
460,15.348666666666666,forward,True,unknown,False,False,False,none
461,15.382033333333334,forward,True,unknown,False,False,False,none
462,15.4154,forward,True,unknown,False,False,False,none
463,15.448766666666666,unknown,True,unknown,False,False,False,none
464,15.482133333333334,unknown,True,unknown,False,False,False,none
465,15.5155,unknown,True,unknown,False,False,False,none
466,15.548866666666669,unknown,True,unknown,False,False,False,none
467,15.582233333333331,unknown,True,unknown,False,False,False,none
468,15.6156,unknown,True,unknown,False,False,False,none
469,15.648966666666666,unknown,True,unknown,False,False,False,none
470,15.682333333333334,downward,True,unknown,False,False,False,none
471,15.7157,unknown,True,unknown,False,False,False,none
472,15.749066666666666,unknown,True,unknown,False,False,False,none
473,15.782433333333334,unknown,True,unknown,False,False,False,none
474,15.8158,unknown,True,unknown,False,False,False,none
475,15.849166666666669,unknown,True,unknown,False,False,False,none
476,15.882533333333331,unknown,True,unknown,False,False,False,none
477,15.9159,unknown,False,unknown,False,False,False,none
478,15.949266666666666,unknown,False,unknown,False,False,False,none
479,15.982633333333334,unknown,True,unknown,False,False,False,none
480,16.016,unknown,False,unknown,False,False,False,none
481,16.049366666666668,unknown,False,unknown,False,False,False,none
482,16.082733333333334,unknown,False,unknown,False,False,False,none
483,16.1161,unknown,False,unknown,False,False,False,none
484,16.149466666666665,unknown,True,unknown,False,False,False,none
485,16.182833333333335,unknown,False,unknown,False,False,False,none
486,16.2162,unknown,False,unknown,False,False,False,none
487,16.249566666666666,unknown,False,unknown,False,False,False,none
488,16.282933333333332,unknown,False,unknown,False,False,False,none
489,16.3163,unknown,False,unknown,False,False,False,none
490,16.349666666666668,unknown,False,unknown,False,False,False,none
491,16.383033333333334,unknown,False,unknown,False,False,False,none
492,16.4164,unknown,False,unknown,False,False,False,none
493,16.449766666666665,unknown,False,unknown,False,False,False,none
494,16.483133333333335,unknown,False,unknown,False,False,False,none
495,16.5165,unknown,True,unknown,False,False,False,none
496,16.549866666666667,unknown,True,unknown,False,False,False,none
497,16.583233333333332,unknown,True,unknown,False,False,False,none
498,16.6166,unknown,False,unknown,False,False,False,none
499,16.649966666666668,unknown,False,unknown,False,False,False,none
500,16.683333333333334,unknown,False,unknown,False,False,False,none
501,16.7167,unknown,False,unknown,False,False,False,none
502,16.750066666666665,unknown,False,unknown,False,False,False,none
503,16.783433333333335,unknown,False,unknown,False,False,False,none
504,16.8168,unknown,False,unknown,False,False,False,none
505,16.850166666666667,unknown,True,unknown,False,False,False,none
506,16.883533333333332,unknown,True,unknown,False,False,False,none
507,16.9169,unknown,True,unknown,False,False,False,none
508,16.950266666666668,unknown,True,unknown,False,False,False,none
509,16.983633333333334,unknown,True,unknown,False,False,False,none
510,17.017,unknown,True,unknown,False,False,False,none
511,17.050366666666665,unknown,True,unknown,False,False,False,none
512,17.083733333333335,unknown,True,unknown,False,False,False,none
513,17.1171,unknown,True,unknown,False,False,False,none
514,17.150466666666667,unknown,True,unknown,False,False,False,none
515,17.183833333333332,unknown,True,unknown,False,False,False,none
516,17.2172,unknown,True,unknown,False,False,False,none
517,17.250566666666668,unknown,True,unknown,False,False,False,none
518,17.283933333333334,unknown,True,unknown,False,False,False,none
519,17.3173,unknown,True,unknown,False,False,False,none
520,17.350666666666665,unknown,True,unknown,False,False,False,none
521,17.384033333333335,forward,True,unknown,False,False,False,none
522,17.4174,forward,True,unknown,False,False,False,none
523,17.450766666666667,forward,True,unknown,False,False,False,none
524,17.484133333333332,forward,True,unknown,False,False,False,none
525,17.5175,forward,True,unknown,False,False,False,none
526,17.550866666666668,forward,True,unknown,False,False,False,none
527,17.584233333333334,forward,True,unknown,False,False,False,none
528,17.6176,forward,True,unknown,False,False,False,none
529,17.650966666666665,forward,True,unknown,False,False,False,none
530,17.684333333333335,forward,True,unknown,False,False,False,none
531,17.7177,forward,True,unknown,False,False,False,none
532,17.751066666666667,forward,True,unknown,False,False,False,none
533,17.784433333333332,forward,True,unknown,False,False,False,none
534,17.8178,forward,True,unknown,False,False,False,none
535,17.851166666666668,unknown,True,unknown,False,False,False,none
536,17.884533333333334,forward,True,unknown,False,False,False,none
537,17.9179,unknown,True,unknown,False,False,False,none
538,17.951266666666665,forward,True,unknown,False,False,False,none
539,17.984633333333335,forward,True,unknown,False,False,False,none
540,18.018,forward,True,unknown,False,False,False,none
541,18.051366666666667,forward,True,unknown,False,False,False,none
542,18.08473333333333,forward,True,unknown,False,False,False,none
543,18.1181,forward,True,unknown,False,False,False,none
544,18.151466666666668,forward,True,unknown,False,False,False,none
545,18.184833333333334,forward,True,unknown,False,False,False,none
546,18.2182,forward,True,unknown,False,False,False,none
547,18.251566666666665,forward,True,unknown,False,False,False,none
548,18.28493333333333,forward,True,unknown,False,False,False,none
549,18.3183,unknown,True,unknown,False,False,False,none
550,18.351666666666667,forward,True,unknown,False,False,False,none
551,18.38503333333333,unknown,True,unknown,False,False,False,none
552,18.4184,unknown,True,unknown,False,False,False,none
553,18.451766666666668,unknown,True,unknown,False,False,False,none
554,18.485133333333334,unknown,True,unknown,False,False,False,none
555,18.5185,unknown,True,unknown,False,False,False,none
556,18.551866666666665,unknown,True,unknown,False,False,False,none
557,18.58523333333333,unknown,True,unknown,False,False,False,none
558,18.6186,unknown,True,unknown,False,False,False,none
559,18.651966666666667,forward,True,unknown,False,False,False,none
560,18.68533333333333,forward,True,unknown,False,False,False,none
561,18.7187,forward,True,unknown,False,False,False,none
562,18.752066666666668,forward,True,unknown,False,False,False,none
563,18.785433333333334,forward,True,unknown,False,False,False,none
564,18.8188,forward,True,unknown,False,False,False,none
565,18.852166666666665,forward,True,unknown,False,False,False,none
566,18.88553333333333,unknown,True,unknown,False,False,False,none
567,18.9189,unknown,True,unknown,False,False,False,none
568,18.952266666666667,unknown,True,unknown,False,False,False,none
569,18.98563333333333,unknown,True,unknown,False,False,False,none
570,19.019,unknown,True,unknown,False,False,False,none
571,19.052366666666668,unknown,True,unknown,False,False,False,none
572,19.085733333333334,unknown,True,unknown,False,False,False,none
573,19.1191,unknown,True,unknown,False,False,False,none
574,19.152466666666665,unknown,True,unknown,False,False,False,none
575,19.18583333333333,unknown,True,unknown,False,False,False,none
576,19.2192,unknown,True,unknown,False,False,False,none
577,19.252566666666667,unknown,True,unknown,False,False,False,none
578,19.28593333333333,unknown,True,unknown,False,False,False,none
579,19.3193,unknown,True,unknown,False,False,False,none
580,19.352666666666668,unknown,True,unknown,False,False,False,none
581,19.386033333333334,unknown,True,unknown,False,False,False,none
582,19.4194,unknown,True,unknown,False,False,False,none
583,19.452766666666665,unknown,True,unknown,False,False,False,none
584,19.48613333333333,unknown,True,unknown,False,False,False,none
585,19.5195,unknown,True,unknown,False,False,False,none
586,19.552866666666667,unknown,True,unknown,False,False,False,none
587,19.58623333333333,unknown,True,unknown,False,False,False,none
588,19.6196,unknown,True,unknown,False,False,False,none
589,19.652966666666668,unknown,True,unknown,False,False,False,none
590,19.686333333333334,unknown,True,unknown,False,False,False,none
591,19.7197,unknown,True,unknown,False,False,False,none
592,19.753066666666665,unknown,True,unknown,False,False,False,none
593,19.78643333333333,unknown,True,unknown,False,False,False,none
594,19.8198,unknown,True,unknown,False,False,False,none
595,19.853166666666667,unknown,True,unknown,False,False,False,none
596,19.886533333333333,unknown,True,unknown,False,False,False,none
597,19.9199,unknown,True,unknown,False,False,False,none
598,19.953266666666668,unknown,True,unknown,False,False,False,none
599,19.986633333333334,unknown,True,unknown,False,False,False,none
600,20.02,unknown,True,unknown,False,False,False,none
601,20.053366666666665,unknown,True,unknown,False,False,False,none
602,20.08673333333333,unknown,True,unknown,False,False,False,none
603,20.1201,unknown,True,unknown,False,False,False,none
604,20.153466666666667,unknown,True,unknown,False,False,False,none
605,20.186833333333333,unknown,True,unknown,False,False,False,none
606,20.2202,unknown,True,unknown,False,False,False,none
607,20.253566666666668,unknown,True,unknown,False,False,False,none
608,20.286933333333334,unknown,True,unknown,False,False,False,none
609,20.3203,unknown,True,unknown,False,False,False,none
610,20.353666666666665,unknown,True,unknown,False,False,False,none
611,20.38703333333333,unknown,True,unknown,False,False,False,none
612,20.4204,unknown,True,unknown,False,False,False,none
613,20.453766666666667,unknown,True,unknown,False,False,False,none
614,20.487133333333333,unknown,True,unknown,False,False,False,none
615,20.5205,unknown,True,unknown,False,False,False,none
616,20.553866666666668,unknown,True,unknown,False,False,False,none
617,20.587233333333334,unknown,True,unknown,False,False,False,none
618,20.6206,unknown,True,unknown,False,False,False,none
619,20.653966666666665,unknown,True,unknown,False,False,False,none
620,20.68733333333333,unknown,True,unknown,False,False,False,none
621,20.7207,unknown,True,unknown,False,False,False,none
622,20.754066666666667,unknown,True,unknown,False,False,False,none
623,20.787433333333333,unknown,True,unknown,False,False,False,none
624,20.8208,unknown,True,unknown,False,False,False,none
625,20.854166666666668,unknown,True,unknown,False,False,False,none
626,20.887533333333334,unknown,True,unknown,False,False,False,none
627,20.9209,unknown,True,unknown,False,False,False,none
628,20.954266666666665,unknown,True,unknown,False,False,False,none
629,20.98763333333333,unknown,True,unknown,False,False,False,none
630,21.021,unknown,True,unknown,False,False,False,none
631,21.054366666666667,unknown,True,unknown,False,False,False,none
632,21.087733333333333,unknown,True,unknown,False,False,False,none
633,21.1211,unknown,True,unknown,False,False,False,none
634,21.154466666666668,unknown,True,unknown,False,False,False,none
635,21.187833333333334,unknown,True,unknown,False,False,False,none
636,21.2212,unknown,True,unknown,False,False,False,none
637,21.254566666666665,unknown,True,unknown,False,False,False,none
638,21.28793333333333,forward,True,unknown,False,False,False,none
639,21.3213,forward,True,unknown,False,False,False,none
640,21.354666666666667,unknown,True,unknown,False,False,False,none
641,21.388033333333333,unknown,True,unknown,False,False,False,none
642,21.4214,forward,True,unknown,False,False,False,none
643,21.454766666666668,forward,True,unknown,False,False,False,none
644,21.488133333333334,forward,True,unknown,False,False,False,none
645,21.5215,forward,True,unknown,False,False,False,none
646,21.554866666666666,forward,True,unknown,False,False,False,none
647,21.58823333333333,forward,True,unknown,False,False,False,none
648,21.6216,unknown,True,unknown,False,False,False,none
649,21.654966666666667,unknown,True,unknown,False,False,False,none
650,21.688333333333333,unknown,True,unknown,False,False,False,none
651,21.7217,unknown,True,unknown,False,False,False,none
652,21.755066666666668,downward,True,unknown,False,False,False,none
653,21.788433333333334,unknown,True,unknown,False,False,False,none
654,21.8218,unknown,False,unknown,False,False,False,none
655,21.855166666666666,unknown,False,unknown,False,False,False,none
656,21.88853333333333,unknown,False,unknown,False,False,False,none
657,21.9219,unknown,False,unknown,False,False,False,none
658,21.955266666666667,unknown,False,unknown,False,False,False,none
659,21.988633333333333,unknown,False,unknown,False,False,False,none
660,22.022,unknown,False,unknown,False,False,False,none
661,22.055366666666668,unknown,False,unknown,False,False,False,none
662,22.088733333333334,unknown,False,unknown,False,False,False,none
663,22.1221,unknown,False,unknown,False,False,False,none
664,22.155466666666666,unknown,False,unknown,False,False,False,none
665,22.18883333333333,unknown,False,unknown,False,False,False,none
666,22.2222,unknown,False,unknown,False,False,False,none
667,22.255566666666667,unknown,False,unknown,False,False,False,none
668,22.288933333333333,unknown,False,unknown,False,False,False,none
669,22.3223,unknown,True,unknown,False,False,False,none
670,22.355666666666668,downward,True,unknown,False,False,False,none
671,22.38903333333333,unknown,True,unknown,False,False,False,none
672,22.4224,downward,True,unknown,False,False,False,none
673,22.455766666666666,unknown,True,unknown,False,False,False,none
674,22.48913333333333,unknown,False,unknown,False,False,False,none
675,22.5225,unknown,False,unknown,False,False,False,none
676,22.555866666666667,unknown,False,unknown,False,False,False,none
677,22.589233333333333,unknown,False,unknown,False,False,False,none
678,22.6226,unknown,True,unknown,False,False,False,none
679,22.655966666666668,unknown,True,unknown,False,False,False,none
680,22.68933333333333,unknown,False,unknown,False,False,False,none
681,22.7227,unknown,True,unknown,False,False,False,none
682,22.756066666666666,unknown,True,unknown,False,False,False,none
683,22.78943333333333,unknown,True,unknown,False,False,False,none
684,22.8228,unknown,True,unknown,False,False,False,none
685,22.856166666666667,unknown,True,unknown,False,False,False,none
686,22.889533333333333,forward,True,unknown,False,False,False,none
687,22.9229,forward,True,unknown,False,False,False,none
688,22.956266666666668,forward,True,unknown,False,False,False,none
689,22.98963333333333,unknown,True,unknown,False,False,False,none
690,23.023,unknown,True,unknown,False,False,False,none
691,23.056366666666666,unknown,True,unknown,False,False,False,none
692,23.08973333333333,unknown,True,unknown,False,False,False,none
693,23.1231,unknown,True,unknown,False,False,False,none
694,23.156466666666667,unknown,True,unknown,False,False,False,none
695,23.189833333333333,unknown,True,unknown,False,False,False,none
696,23.2232,unknown,True,unknown,False,False,False,none
697,23.256566666666668,unknown,True,unknown,False,False,False,none
698,23.28993333333333,unknown,True,unknown,False,False,False,none
699,23.3233,unknown,True,unknown,False,False,False,none
700,23.356666666666666,unknown,True,unknown,False,False,False,none
701,23.39003333333333,unknown,True,unknown,False,False,False,none
702,23.4234,unknown,True,unknown,False,False,False,none
703,23.456766666666667,unknown,True,unknown,False,False,False,none
704,23.490133333333333,unknown,True,unknown,False,False,False,none
705,23.5235,unknown,True,unknown,False,False,False,none
706,23.556866666666668,unknown,True,unknown,False,False,False,none
707,23.59023333333333,unknown,True,unknown,False,False,False,none
708,23.6236,unknown,True,unknown,False,False,False,none
709,23.656966666666666,unknown,True,unknown,False,False,False,none
710,23.69033333333333,unknown,True,unknown,False,False,False,none
711,23.7237,unknown,True,unknown,False,False,False,none
712,23.757066666666667,unknown,True,unknown,False,False,False,none
713,23.790433333333333,unknown,True,unknown,False,False,False,none
714,23.8238,unknown,True,unknown,False,False,False,none
715,23.857166666666668,unknown,True,unknown,False,False,False,none
716,23.89053333333333,unknown,True,unknown,False,False,False,none
717,23.9239,unknown,True,unknown,False,False,False,none
718,23.957266666666666,unknown,True,unknown,False,False,False,none
719,23.99063333333333,unknown,True,unknown,False,False,False,none
720,24.024,unknown,True,unknown,False,False,False,none
721,24.057366666666667,unknown,True,unknown,False,False,False,none
722,24.090733333333333,unknown,True,unknown,False,False,False,none
723,24.1241,unknown,True,unknown,False,False,False,none
724,24.157466666666668,unknown,True,unknown,False,False,False,none
725,24.19083333333333,unknown,True,unknown,False,False,False,none
726,24.2242,unknown,True,unknown,False,False,False,none
727,24.257566666666666,unknown,True,unknown,False,False,False,none
728,24.29093333333333,unknown,True,unknown,False,False,False,none
729,24.3243,unknown,True,unknown,False,False,False,none
730,24.357666666666667,unknown,True,unknown,False,False,False,none
731,24.391033333333333,unknown,True,unknown,False,False,False,none
732,24.4244,unknown,True,unknown,False,False,False,none
733,24.457766666666668,unknown,True,unknown,False,False,False,none
734,24.49113333333333,unknown,True,unknown,False,False,False,none
735,24.5245,unknown,True,unknown,False,False,False,none
736,24.557866666666666,unknown,True,unknown,False,False,False,none
737,24.59123333333333,unknown,True,unknown,False,False,False,none
738,24.6246,unknown,True,unknown,False,False,False,none
739,24.657966666666667,unknown,True,unknown,False,False,False,none
740,24.691333333333333,unknown,True,unknown,False,False,False,none
741,24.7247,unknown,True,unknown,False,False,False,none
742,24.758066666666668,unknown,True,unknown,False,False,False,none
743,24.79143333333333,unknown,True,unknown,False,False,False,none
744,24.8248,unknown,True,unknown,False,False,False,none
745,24.858166666666666,unknown,True,unknown,False,False,False,none
746,24.89153333333333,unknown,True,unknown,False,False,False,none
747,24.9249,unknown,True,unknown,False,False,False,none
748,24.958266666666667,unknown,True,unknown,False,False,False,none
749,24.991633333333333,unknown,True,unknown,False,False,False,none
750,25.025,unknown,True,unknown,False,False,False,none
751,25.058366666666668,unknown,True,unknown,False,False,False,none
752,25.09173333333333,unknown,True,unknown,False,False,False,none
753,25.1251,unknown,True,unknown,False,False,False,none
754,25.158466666666666,unknown,True,unknown,False,False,False,none
755,25.19183333333333,unknown,True,unknown,False,False,False,none
756,25.2252,unknown,True,unknown,False,False,False,none
757,25.258566666666667,unknown,True,unknown,False,False,False,none
758,25.291933333333333,unknown,True,unknown,False,False,False,none
759,25.3253,unknown,True,unknown,False,False,False,none
760,25.358666666666668,unknown,True,unknown,False,False,False,none
761,25.39203333333333,unknown,True,unknown,False,False,False,none
762,25.4254,unknown,True,unknown,False,False,False,none
763,25.458766666666666,unknown,True,unknown,False,False,False,none
764,25.49213333333333,unknown,True,unknown,False,False,False,none
765,25.5255,unknown,True,unknown,False,False,False,none
766,25.558866666666667,unknown,True,unknown,False,False,False,none
767,25.592233333333333,unknown,True,unknown,False,False,False,none
768,25.6256,unknown,True,unknown,False,False,False,none
769,25.658966666666668,unknown,True,unknown,False,False,False,none
770,25.69233333333333,unknown,True,unknown,False,False,False,none
771,25.7257,unknown,True,unknown,False,False,False,none
772,25.759066666666666,unknown,True,unknown,False,False,False,none
773,25.79243333333333,unknown,True,unknown,False,False,False,none
774,25.8258,unknown,True,unknown,False,False,False,none
775,25.859166666666667,unknown,True,unknown,False,False,False,none
776,25.892533333333333,unknown,True,unknown,False,False,False,none
777,25.9259,unknown,True,unknown,False,False,False,none
778,25.959266666666668,unknown,True,unknown,False,False,False,none
779,25.99263333333333,unknown,True,unknown,False,False,False,none
780,26.026,unknown,True,unknown,False,False,False,none
781,26.059366666666666,unknown,True,unknown,False,False,False,none
782,26.09273333333333,unknown,True,unknown,False,False,False,none
783,26.1261,unknown,True,unknown,False,False,False,none
784,26.159466666666667,unknown,True,unknown,False,False,False,none
785,26.192833333333333,unknown,True,unknown,False,False,False,none
786,26.2262,unknown,True,unknown,False,False,False,none
787,26.259566666666668,unknown,True,unknown,False,False,False,none
788,26.29293333333333,unknown,True,unknown,False,False,False,none
789,26.3263,unknown,True,unknown,False,False,False,none
790,26.359666666666666,unknown,True,unknown,False,False,False,none
791,26.39303333333333,unknown,True,unknown,False,False,False,none
792,26.4264,unknown,True,unknown,False,False,False,none
793,26.459766666666667,unknown,True,unknown,False,False,False,none
794,26.493133333333333,unknown,True,unknown,False,False,False,none
795,26.5265,unknown,True,unknown,False,False,False,none
796,26.559866666666668,unknown,True,unknown,False,False,False,none
797,26.59323333333333,unknown,True,unknown,False,False,False,none
798,26.6266,unknown,True,unknown,False,False,False,none
799,26.659966666666666,unknown,True,unknown,False,False,False,none
800,26.69333333333333,unknown,True,unknown,False,False,False,none
801,26.7267,unknown,True,unknown,False,False,False,none
802,26.760066666666667,unknown,True,unknown,False,False,False,none
803,26.793433333333333,unknown,True,unknown,False,False,False,none
804,26.8268,unknown,True,unknown,False,False,False,none
805,26.860166666666668,unknown,True,unknown,False,False,False,none
806,26.89353333333333,unknown,True,unknown,False,False,False,none
807,26.9269,unknown,True,unknown,False,False,False,none
808,26.960266666666666,unknown,True,unknown,False,False,False,none
809,26.99363333333333,forward,True,unknown,False,False,False,none
810,27.027,forward,True,unknown,False,False,False,none
811,27.060366666666667,forward,True,unknown,False,False,False,none
812,27.093733333333333,forward,True,unknown,False,False,False,none
813,27.1271,forward,True,unknown,False,False,False,none
814,27.160466666666668,forward,True,unknown,False,False,False,none
815,27.19383333333333,forward,True,unknown,False,False,False,none
816,27.2272,forward,True,unknown,False,False,False,none
817,27.260566666666666,forward,True,unknown,False,False,False,none
818,27.29393333333333,forward,True,unknown,False,False,False,none
819,27.3273,forward,True,unknown,False,False,False,none
820,27.360666666666667,forward,True,unknown,False,False,False,none
821,27.394033333333333,forward,True,unknown,False,False,False,none
822,27.4274,forward,True,unknown,False,False,False,none
823,27.460766666666668,forward,True,unknown,False,False,False,none
824,27.49413333333333,forward,True,unknown,False,False,False,none
825,27.5275,forward,True,unknown,False,False,False,none
826,27.560866666666666,unknown,True,unknown,False,False,False,none
827,27.59423333333333,unknown,True,unknown,False,False,False,none
828,27.6276,unknown,True,unknown,False,False,False,none
829,27.660966666666667,unknown,True,unknown,False,False,False,none
830,27.694333333333333,unknown,True,unknown,False,False,False,none
831,27.7277,unknown,True,unknown,False,False,False,none
832,27.761066666666668,unknown,True,unknown,False,False,False,none
833,27.79443333333333,unknown,True,unknown,False,False,False,none
834,27.8278,unknown,True,unknown,False,False,False,none
835,27.861166666666666,unknown,True,unknown,False,False,False,none
836,27.89453333333333,unknown,True,unknown,False,False,False,none
837,27.9279,unknown,True,unknown,False,False,False,none
838,27.961266666666667,unknown,True,unknown,False,False,False,none
839,27.994633333333333,unknown,True,unknown,False,False,False,none
840,28.028,unknown,True,unknown,False,False,False,none
841,28.061366666666668,unknown,True,unknown,False,False,False,none
842,28.09473333333333,unknown,True,unknown,False,False,False,none
843,28.1281,unknown,True,unknown,False,False,False,none
844,28.161466666666666,unknown,True,unknown,False,False,False,none
845,28.19483333333333,unknown,True,unknown,False,False,False,none
846,28.2282,unknown,True,unknown,False,False,False,none
847,28.261566666666667,unknown,True,unknown,False,False,False,none
848,28.294933333333333,unknown,True,unknown,False,False,False,none
849,28.3283,unknown,True,unknown,False,False,False,none
850,28.361666666666668,unknown,True,unknown,False,False,False,none
851,28.39503333333333,unknown,True,unknown,False,False,False,none
852,28.4284,unknown,True,unknown,False,False,False,none
853,28.461766666666666,unknown,True,unknown,False,False,False,none
854,28.49513333333333,unknown,True,unknown,False,False,False,none
855,28.5285,unknown,True,unknown,False,False,False,none
856,28.561866666666667,unknown,True,unknown,False,False,False,none
857,28.595233333333333,unknown,True,unknown,False,False,False,none
858,28.6286,unknown,True,unknown,False,False,False,none
859,28.661966666666668,unknown,True,unknown,False,False,False,none
860,28.69533333333333,unknown,True,unknown,False,False,False,none
861,28.7287,unknown,True,unknown,False,False,False,none
862,28.762066666666662,unknown,True,unknown,False,False,False,none
863,28.79543333333333,unknown,True,unknown,False,False,False,none
864,28.8288,unknown,True,unknown,False,False,False,none
865,28.862166666666667,unknown,True,unknown,False,False,False,none
866,28.895533333333333,unknown,True,unknown,False,False,False,none
867,28.9289,unknown,True,unknown,False,False,False,none
868,28.962266666666668,unknown,True,unknown,False,False,False,none
869,28.99563333333333,unknown,True,unknown,False,False,False,none
870,29.029,unknown,True,unknown,False,False,False,none
871,29.062366666666662,unknown,True,unknown,False,False,False,none
872,29.09573333333333,unknown,True,unknown,False,False,False,none
873,29.1291,unknown,True,unknown,False,False,False,none
874,29.162466666666667,unknown,True,unknown,False,False,False,none
875,29.195833333333333,unknown,True,downward,True,False,False,none
876,29.2292,unknown,True,downward,True,False,False,none
877,29.262566666666668,unknown,True,downward,True,False,False,none
878,29.29593333333333,unknown,True,downward,True,False,False,none
879,29.3293,unknown,True,downward,True,False,False,none
880,29.362666666666662,unknown,True,downward,True,False,False,none
881,29.39603333333333,unknown,True,downward,True,False,False,none
882,29.4294,unknown,True,downward,True,False,False,none
883,29.462766666666667,unknown,True,downward,True,False,False,none
884,29.496133333333333,unknown,True,downward,True,False,False,none
885,29.5295,unknown,True,unknown,True,False,False,none
886,29.562866666666668,unknown,True,unknown,True,False,False,none
887,29.59623333333333,unknown,True,unknown,True,False,False,none
888,29.6296,unknown,True,unknown,True,False,False,none
889,29.662966666666662,unknown,True,unknown,True,False,False,none
890,29.69633333333333,unknown,True,unknown,True,False,False,none
891,29.7297,unknown,True,unknown,True,False,False,none
892,29.763066666666667,unknown,True,unknown,True,False,False,none
893,29.796433333333333,unknown,True,unknown,True,False,False,none
894,29.8298,unknown,True,unknown,True,False,False,none
895,29.863166666666668,unknown,True,unknown,True,False,False,none
896,29.89653333333333,unknown,True,unknown,True,False,False,none
897,29.9299,unknown,True,unknown,True,False,False,none
898,29.963266666666662,unknown,True,unknown,True,False,False,none
899,29.99663333333333,unknown,True,unknown,True,False,False,none
900,30.03,unknown,True,unknown,True,False,False,none
901,30.063366666666667,unknown,True,unknown,True,False,False,none
902,30.096733333333333,unknown,True,unknown,True,False,False,none
903,30.1301,unknown,True,forward,True,False,False,none
904,30.163466666666668,unknown,True,unknown,True,False,False,none
905,30.19683333333333,unknown,True,forward,True,False,False,none
906,30.2302,unknown,True,forward,True,False,False,none
907,30.263566666666662,unknown,True,unknown,True,False,False,none
908,30.29693333333333,unknown,True,unknown,True,False,False,none
909,30.3303,unknown,True,unknown,True,False,False,none
910,30.363666666666667,unknown,True,unknown,True,False,False,none
911,30.397033333333333,unknown,True,unknown,True,False,False,none
912,30.4304,unknown,True,unknown,True,False,False,none
913,30.463766666666668,unknown,True,unknown,True,False,False,none
914,30.49713333333333,unknown,True,unknown,True,False,False,none
915,30.5305,unknown,True,unknown,True,False,False,none
916,30.563866666666662,unknown,True,unknown,True,False,False,none
917,30.59723333333333,unknown,True,unknown,True,False,False,none
918,30.6306,unknown,True,unknown,True,False,False,none
919,30.663966666666667,unknown,True,unknown,True,False,False,none
920,30.697333333333333,unknown,True,unknown,True,False,False,none
921,30.7307,unknown,True,unknown,True,False,False,none
922,30.76406666666667,unknown,True,unknown,True,False,False,none
923,30.79743333333333,unknown,True,downward,True,False,False,none
924,30.8308,unknown,True,forward,True,False,False,none
925,30.864166666666662,unknown,True,unknown,True,False,False,none
926,30.89753333333333,unknown,True,forward,True,False,False,none
927,30.9309,unknown,True,unknown,True,False,False,none
928,30.964266666666667,unknown,True,unknown,True,False,False,none
929,30.997633333333333,unknown,True,unknown,True,False,False,none
930,31.031,unknown,True,unknown,False,False,False,none
931,31.06436666666667,unknown,True,unknown,False,False,False,none
932,31.09773333333333,unknown,True,unknown,False,False,False,none
933,31.1311,unknown,True,unknown,False,False,False,none
934,31.164466666666662,unknown,True,unknown,False,False,False,none
935,31.19783333333333,unknown,True,unknown,False,False,False,none
936,31.2312,unknown,True,unknown,False,False,False,none
937,31.264566666666667,unknown,True,unknown,False,False,False,none
938,31.297933333333333,unknown,True,unknown,False,False,False,none
939,31.3313,unknown,True,unknown,False,False,False,none
940,31.36466666666667,unknown,True,unknown,False,False,False,none
941,31.39803333333333,unknown,True,unknown,False,False,False,none
942,31.4314,unknown,True,unknown,False,False,False,none
943,31.464766666666662,unknown,True,unknown,False,False,False,none
944,31.49813333333333,unknown,True,unknown,False,False,False,none
945,31.5315,unknown,True,unknown,False,False,False,none
946,31.564866666666667,unknown,True,unknown,False,False,False,none
947,31.598233333333333,unknown,True,unknown,False,False,False,none
948,31.6316,unknown,True,downward,True,False,False,none
949,31.66496666666667,unknown,True,unknown,False,False,False,none
950,31.69833333333333,unknown,True,partner,True,False,True,guitarist_only
951,31.7317,unknown,True,unknown,False,False,False,none
952,31.765066666666662,unknown,True,unknown,False,False,False,none
953,31.79843333333333,unknown,True,unknown,False,False,False,none
954,31.8318,unknown,True,forward,True,False,False,none
955,31.865166666666667,unknown,True,unknown,True,False,False,none
956,31.898533333333333,unknown,True,forward,True,False,False,none
957,31.9319,unknown,True,unknown,True,False,False,none
958,31.96526666666667,unknown,True,forward,True,False,False,none
959,31.99863333333333,unknown,True,unknown,True,False,False,none
960,32.032,unknown,True,unknown,True,False,False,none
961,32.06536666666667,unknown,True,unknown,True,False,False,none
962,32.098733333333335,unknown,True,unknown,True,False,False,none
963,32.1321,unknown,True,unknown,True,False,False,none
964,32.16546666666667,unknown,True,unknown,True,False,False,none
965,32.19883333333333,unknown,True,forward,True,False,False,none
966,32.2322,unknown,True,downward,True,False,False,none
967,32.265566666666665,unknown,True,forward,True,False,False,none
968,32.29893333333333,unknown,True,forward,True,False,False,none
969,32.3323,unknown,True,downward,True,False,False,none
970,32.36566666666667,unknown,True,downward,True,False,False,none
971,32.399033333333335,unknown,True,downward,True,False,False,none
972,32.4324,unknown,True,downward,True,False,False,none
973,32.46576666666667,unknown,True,downward,True,False,False,none
974,32.49913333333333,unknown,True,unknown,True,False,False,none
975,32.5325,unknown,True,downward,True,False,False,none
976,32.565866666666665,unknown,True,unknown,True,False,False,none
977,32.59923333333333,unknown,True,unknown,True,False,False,none
978,32.6326,unknown,True,unknown,True,False,False,none
979,32.66596666666667,unknown,True,unknown,True,False,False,none
980,32.699333333333335,unknown,True,unknown,True,False,False,none
981,32.7327,unknown,True,unknown,True,False,False,none
982,32.76606666666667,unknown,True,unknown,True,False,False,none
983,32.79943333333333,unknown,True,unknown,True,False,False,none
984,32.8328,unknown,True,unknown,True,False,False,none
985,32.866166666666665,unknown,True,unknown,True,False,False,none
986,32.89953333333333,unknown,True,unknown,True,False,False,none
987,32.9329,unknown,True,unknown,True,False,False,none
988,32.96626666666667,unknown,True,unknown,True,False,False,none
989,32.999633333333335,unknown,True,unknown,True,False,False,none
990,33.033,unknown,True,unknown,True,False,False,none
991,33.06636666666667,unknown,True,unknown,True,False,False,none
992,33.09973333333333,unknown,True,unknown,True,False,False,none
993,33.1331,unknown,True,unknown,True,False,False,none
994,33.166466666666665,unknown,True,unknown,True,False,False,none
995,33.19983333333333,unknown,True,unknown,True,False,False,none
996,33.2332,unknown,True,unknown,True,False,False,none
997,33.26656666666667,unknown,True,unknown,True,False,False,none
998,33.299933333333335,unknown,True,unknown,True,False,False,none
999,33.3333,unknown,True,unknown,True,False,False,none
1000,33.36666666666667,unknown,True,unknown,True,False,False,none
1001,33.40003333333333,unknown,True,unknown,True,False,False,none
1002,33.4334,unknown,True,unknown,True,False,False,none
1003,33.466766666666665,unknown,True,unknown,True,False,False,none
1004,33.50013333333333,unknown,True,unknown,True,False,False,none
1005,33.5335,unknown,True,unknown,True,False,False,none
1006,33.56686666666667,unknown,True,unknown,True,False,False,none
1007,33.600233333333335,unknown,True,unknown,True,False,False,none
1008,33.6336,unknown,True,unknown,True,False,False,none
1009,33.66696666666667,unknown,True,unknown,True,False,False,none
1010,33.70033333333333,unknown,True,unknown,True,False,False,none
1011,33.7337,unknown,True,unknown,True,False,False,none
1012,33.767066666666665,unknown,True,unknown,True,False,False,none
1013,33.80043333333333,unknown,True,unknown,True,False,False,none
1014,33.8338,unknown,True,unknown,True,False,False,none
1015,33.86716666666667,unknown,True,unknown,True,False,False,none
1016,33.900533333333335,unknown,True,unknown,True,False,False,none
1017,33.9339,unknown,True,unknown,True,False,False,none
1018,33.96726666666667,unknown,True,unknown,True,False,False,none
1019,34.00063333333333,unknown,True,unknown,True,False,False,none
1020,34.034,unknown,True,unknown,True,False,False,none
1021,34.067366666666665,unknown,True,unknown,True,False,False,none
1022,34.10073333333333,unknown,True,unknown,True,False,False,none
1023,34.1341,unknown,True,unknown,True,False,False,none
1024,34.16746666666667,unknown,True,unknown,True,False,False,none
1025,34.200833333333335,unknown,True,unknown,True,False,False,none
1026,34.2342,unknown,True,unknown,True,False,False,none
1027,34.26756666666667,unknown,True,unknown,True,False,False,none
1028,34.30093333333333,unknown,True,unknown,True,False,False,none
1029,34.3343,unknown,True,unknown,True,False,False,none
1030,34.367666666666665,unknown,True,unknown,True,False,False,none
1031,34.40103333333333,unknown,True,unknown,True,False,False,none
1032,34.4344,unknown,True,unknown,True,False,False,none
1033,34.46776666666667,unknown,True,unknown,True,False,False,none
1034,34.501133333333335,unknown,True,unknown,True,False,False,none
1035,34.5345,unknown,True,unknown,True,False,False,none
1036,34.56786666666667,unknown,True,forward,True,False,False,none
1037,34.60123333333333,unknown,True,forward,True,False,False,none
1038,34.6346,unknown,True,unknown,True,False,False,none
1039,34.667966666666665,unknown,True,unknown,True,False,False,none
1040,34.70133333333333,unknown,True,unknown,True,False,False,none
1041,34.7347,unknown,True,unknown,True,False,False,none
1042,34.76806666666667,unknown,True,unknown,True,False,False,none
1043,34.801433333333335,unknown,True,unknown,True,False,False,none
1044,34.8348,unknown,True,unknown,True,False,False,none
1045,34.86816666666667,unknown,True,unknown,True,False,False,none
1046,34.90153333333333,unknown,True,unknown,True,False,False,none
1047,34.9349,unknown,True,unknown,True,False,False,none
1048,34.968266666666665,unknown,True,unknown,True,False,False,none
1049,35.00163333333333,unknown,True,unknown,True,False,False,none
1050,35.035,unknown,True,unknown,True,False,False,none
1051,35.06836666666667,unknown,True,unknown,True,False,False,none
1052,35.101733333333335,unknown,True,unknown,True,False,False,none
1053,35.1351,unknown,True,unknown,True,False,False,none
1054,35.16846666666667,unknown,True,unknown,True,False,False,none
1055,35.20183333333333,unknown,True,unknown,True,False,False,none
1056,35.2352,unknown,True,unknown,True,False,False,none
1057,35.268566666666665,unknown,True,unknown,True,False,False,none
1058,35.30193333333333,unknown,True,unknown,True,False,False,none
1059,35.3353,unknown,True,unknown,True,False,False,none
1060,35.36866666666667,unknown,True,unknown,True,False,False,none
1061,35.402033333333335,unknown,True,unknown,True,False,False,none
1062,35.4354,unknown,True,unknown,True,False,False,none
1063,35.46876666666667,unknown,True,unknown,True,False,False,none
1064,35.50213333333333,unknown,True,unknown,True,False,False,none
1065,35.5355,unknown,True,unknown,True,False,False,none
1066,35.568866666666665,unknown,True,unknown,True,False,False,none
1067,35.60223333333333,unknown,True,unknown,True,False,False,none
1068,35.6356,unknown,True,unknown,True,False,False,none
1069,35.66896666666667,unknown,True,unknown,True,False,False,none
1070,35.702333333333335,unknown,True,unknown,True,False,False,none
1071,35.7357,unknown,True,unknown,True,False,False,none
1072,35.76906666666667,unknown,True,unknown,True,False,False,none
1073,35.80243333333333,unknown,True,unknown,True,False,False,none
1074,35.8358,unknown,True,forward,True,False,False,none
1075,35.869166666666665,unknown,True,unknown,True,False,False,none
1076,35.90253333333333,unknown,True,unknown,True,False,False,none
1077,35.9359,unknown,True,unknown,True,False,False,none
1078,35.96926666666667,unknown,True,unknown,True,False,False,none
1079,36.002633333333335,unknown,True,unknown,True,False,False,none
1080,36.036,unknown,True,forward,True,False,False,none
1081,36.06936666666667,unknown,True,unknown,True,False,False,none
1082,36.10273333333333,unknown,True,unknown,True,False,False,none
1083,36.1361,unknown,True,unknown,True,False,False,none
1084,36.169466666666665,unknown,True,unknown,True,False,False,none
1085,36.20283333333333,unknown,True,unknown,True,False,False,none
1086,36.2362,unknown,True,unknown,True,False,False,none
1087,36.26956666666667,unknown,True,unknown,True,False,False,none
1088,36.302933333333335,unknown,True,unknown,True,False,False,none
1089,36.3363,unknown,True,unknown,True,False,False,none
1090,36.36966666666667,unknown,True,unknown,True,False,False,none
1091,36.40303333333333,unknown,True,unknown,True,False,False,none
1092,36.4364,unknown,True,unknown,True,False,False,none
1093,36.469766666666665,unknown,True,unknown,True,False,False,none
1094,36.50313333333333,unknown,True,unknown,True,False,False,none
1095,36.5365,unknown,True,unknown,True,False,False,none
1096,36.56986666666667,unknown,True,unknown,True,False,False,none
1097,36.603233333333336,unknown,True,unknown,True,False,False,none
1098,36.6366,unknown,True,unknown,True,False,False,none
1099,36.66996666666667,downward,True,unknown,True,False,False,none
1100,36.70333333333333,unknown,True,unknown,True,False,False,none
1101,36.7367,unknown,True,unknown,True,False,False,none
1102,36.770066666666665,unknown,True,unknown,True,False,False,none
1103,36.80343333333333,unknown,True,unknown,True,False,False,none
1104,36.8368,unknown,True,unknown,True,False,False,none
1105,36.87016666666667,unknown,True,unknown,True,False,False,none
1106,36.903533333333336,unknown,True,unknown,True,False,False,none
1107,36.9369,unknown,True,unknown,True,False,False,none
1108,36.97026666666667,forward,True,unknown,True,False,False,none
1109,37.00363333333333,unknown,True,unknown,True,False,False,none
1110,37.037,unknown,True,forward,True,False,False,none
1111,37.070366666666665,unknown,True,unknown,True,False,False,none
1112,37.10373333333333,unknown,True,unknown,True,False,False,none
1113,37.1371,unknown,True,unknown,True,False,False,none
1114,37.17046666666667,unknown,True,unknown,True,False,False,none
1115,37.203833333333336,unknown,True,unknown,True,False,False,none
1116,37.2372,unknown,True,unknown,True,False,False,none
1117,37.27056666666667,unknown,True,unknown,True,False,False,none
1118,37.30393333333333,unknown,True,unknown,True,False,False,none
1119,37.3373,unknown,True,forward,True,False,False,none
1120,37.370666666666665,unknown,True,forward,True,False,False,none
1121,37.40403333333333,unknown,True,unknown,True,False,False,none
1122,37.4374,unknown,True,forward,True,False,False,none
1123,37.47076666666667,forward,True,unknown,True,False,False,none
1124,37.504133333333336,unknown,True,unknown,True,False,False,none
1125,37.5375,downward,True,forward,True,False,False,none
1126,37.57086666666667,downward,True,forward,True,False,False,none
1127,37.60423333333333,unknown,True,forward,True,False,False,none
1128,37.6376,unknown,True,forward,True,False,False,none
1129,37.670966666666665,unknown,True,forward,True,False,False,none
1130,37.70433333333333,unknown,True,forward,True,False,False,none
1131,37.7377,unknown,True,forward,True,False,False,none
1132,37.77106666666667,unknown,True,forward,True,False,False,none
1133,37.804433333333336,unknown,True,forward,True,False,False,none
1134,37.8378,unknown,True,forward,True,False,False,none
1135,37.87116666666667,unknown,True,forward,True,False,False,none
1136,37.90453333333333,unknown,True,forward,True,False,False,none
1137,37.9379,unknown,True,forward,True,False,False,none
1138,37.971266666666665,unknown,True,forward,True,False,False,none
1139,38.00463333333333,unknown,True,forward,True,False,False,none
1140,38.038,unknown,True,forward,True,False,False,none
1141,38.07136666666667,unknown,True,forward,True,False,False,none
1142,38.104733333333336,forward,True,forward,True,False,False,none
1143,38.1381,unknown,True,unknown,True,False,False,none
1144,38.17146666666667,unknown,True,unknown,True,False,False,none
1145,38.20483333333333,unknown,True,forward,True,False,False,none
1146,38.2382,unknown,True,unknown,True,False,False,none
1147,38.271566666666665,unknown,True,unknown,True,False,False,none
1148,38.30493333333333,unknown,True,forward,True,False,False,none
1149,38.3383,unknown,True,forward,True,False,False,none
1150,38.37166666666667,unknown,True,forward,True,False,False,none
1151,38.405033333333336,unknown,True,forward,True,False,False,none
1152,38.4384,unknown,True,forward,True,False,False,none
1153,38.47176666666667,unknown,True,forward,True,False,False,none
1154,38.50513333333333,unknown,True,forward,True,False,False,none
1155,38.5385,unknown,True,forward,True,False,False,none
1156,38.571866666666665,unknown,True,forward,True,False,False,none
1157,38.60523333333333,unknown,True,forward,True,False,False,none
1158,38.6386,unknown,True,forward,True,False,False,none
1159,38.67196666666667,unknown,True,forward,True,False,False,none
1160,38.705333333333336,unknown,True,forward,True,False,False,none
1161,38.7387,unknown,True,forward,True,False,False,none
1162,38.77206666666667,unknown,True,forward,True,False,False,none
1163,38.80543333333333,unknown,True,forward,True,False,False,none
1164,38.8388,unknown,True,unknown,True,False,False,none
1165,38.872166666666665,unknown,True,unknown,True,False,False,none
1166,38.90553333333333,unknown,True,unknown,True,False,False,none
1167,38.9389,unknown,True,unknown,True,False,False,none
1168,38.97226666666667,unknown,True,unknown,True,False,False,none
1169,39.005633333333336,unknown,True,unknown,True,False,False,none
1170,39.039,unknown,True,unknown,True,False,False,none
1171,39.07236666666667,unknown,True,unknown,True,False,False,none
1172,39.10573333333333,unknown,True,unknown,True,False,False,none
1173,39.1391,unknown,True,unknown,True,False,False,none
1174,39.172466666666665,unknown,True,unknown,True,False,False,none
1175,39.20583333333333,unknown,True,unknown,True,False,False,none
1176,39.2392,unknown,True,unknown,True,False,False,none
1177,39.27256666666667,unknown,True,unknown,True,False,False,none
1178,39.305933333333336,unknown,True,unknown,True,False,False,none
1179,39.3393,unknown,True,unknown,True,False,False,none
1180,39.37266666666667,unknown,True,unknown,True,False,False,none
1181,39.40603333333333,unknown,True,unknown,True,False,False,none
1182,39.4394,unknown,True,unknown,True,False,False,none
1183,39.472766666666665,unknown,True,unknown,True,False,False,none
1184,39.50613333333333,unknown,True,unknown,True,False,False,none
1185,39.5395,unknown,True,unknown,True,False,False,none
1186,39.57286666666667,unknown,True,unknown,True,False,False,none
1187,39.606233333333336,unknown,True,unknown,True,False,False,none
1188,39.6396,unknown,True,unknown,True,False,False,none
1189,39.67296666666667,unknown,True,unknown,True,False,False,none
1190,39.70633333333333,forward,True,unknown,True,False,False,none
1191,39.7397,unknown,True,unknown,True,False,False,none
1192,39.773066666666665,unknown,True,unknown,True,False,False,none
1193,39.80643333333333,forward,True,unknown,True,False,False,none
1194,39.8398,unknown,True,downward,True,False,False,none
1195,39.87316666666667,unknown,True,unknown,True,False,False,none
1196,39.906533333333336,unknown,True,unknown,True,False,False,none
1197,39.9399,unknown,True,unknown,True,False,False,none
1198,39.97326666666667,unknown,True,unknown,True,False,False,none
1199,40.00663333333333,forward,True,unknown,True,False,False,none
1200,40.04,forward,True,unknown,True,False,False,none
1201,40.073366666666665,forward,True,unknown,True,False,False,none
1202,40.10673333333333,forward,True,unknown,True,False,False,none
1203,40.1401,forward,True,unknown,True,False,False,none
1204,40.17346666666667,forward,True,unknown,True,False,False,none
1205,40.206833333333336,forward,True,unknown,True,False,False,none
1206,40.2402,forward,True,unknown,True,False,False,none
1207,40.27356666666667,forward,True,unknown,True,False,False,none
1208,40.30693333333333,forward,True,unknown,True,False,False,none
1209,40.3403,forward,True,unknown,True,False,False,none
1210,40.373666666666665,unknown,True,unknown,True,False,False,none
1211,40.40703333333333,forward,True,unknown,True,False,False,none
1212,40.4404,unknown,True,unknown,True,False,False,none
1213,40.47376666666667,unknown,True,unknown,True,False,False,none
1214,40.507133333333336,unknown,True,unknown,True,False,False,none
1215,40.5405,unknown,True,unknown,True,False,False,none
1216,40.57386666666667,unknown,True,unknown,True,False,False,none
1217,40.60723333333333,unknown,True,unknown,True,False,False,none
1218,40.6406,unknown,True,unknown,True,False,False,none
1219,40.673966666666665,unknown,True,unknown,True,False,False,none
1220,40.70733333333333,unknown,True,unknown,True,False,False,none
1221,40.7407,unknown,True,unknown,True,False,False,none
1222,40.77406666666667,unknown,True,forward,True,False,False,none
1223,40.807433333333336,unknown,True,forward,True,False,False,none
1224,40.8408,unknown,True,forward,True,False,False,none
1225,40.87416666666667,unknown,True,forward,True,False,False,none
1226,40.90753333333333,unknown,True,unknown,True,False,False,none
1227,40.9409,unknown,True,unknown,True,False,False,none
1228,40.974266666666665,unknown,True,unknown,True,False,False,none
1229,41.00763333333333,unknown,True,unknown,True,False,False,none
1230,41.041,unknown,True,forward,True,False,False,none
1231,41.07436666666667,unknown,True,forward,True,False,False,none
1232,41.107733333333336,unknown,True,forward,True,False,False,none
1233,41.1411,unknown,True,forward,True,False,False,none
1234,41.17446666666667,unknown,True,forward,True,False,False,none
1235,41.20783333333333,unknown,True,unknown,True,False,False,none
1236,41.2412,unknown,True,forward,True,False,False,none
1237,41.274566666666665,unknown,True,forward,True,False,False,none
1238,41.30793333333333,unknown,True,forward,True,False,False,none
1239,41.3413,unknown,True,unknown,True,False,False,none
1240,41.37466666666667,unknown,True,unknown,True,False,False,none
1241,41.408033333333336,unknown,True,unknown,True,False,False,none
1242,41.4414,unknown,True,unknown,True,False,False,none
1243,41.47476666666667,unknown,True,unknown,True,False,False,none
1244,41.50813333333333,unknown,True,unknown,True,False,False,none
1245,41.5415,unknown,True,unknown,True,False,False,none
1246,41.574866666666665,unknown,True,unknown,True,False,False,none
1247,41.60823333333333,unknown,True,unknown,True,False,False,none
1248,41.6416,unknown,True,unknown,True,False,False,none
1249,41.67496666666667,unknown,True,unknown,True,False,False,none
1250,41.708333333333336,unknown,True,unknown,True,False,False,none
1251,41.7417,unknown,True,unknown,True,False,False,none
1252,41.77506666666667,unknown,True,unknown,True,False,False,none
1253,41.80843333333333,unknown,True,unknown,True,False,False,none
1254,41.8418,unknown,True,unknown,True,False,False,none
1255,41.875166666666665,unknown,True,unknown,True,False,False,none
1256,41.90853333333333,unknown,True,unknown,True,False,False,none
1257,41.9419,unknown,True,unknown,True,False,False,none
1258,41.97526666666667,unknown,True,unknown,True,False,False,none
1259,42.008633333333336,unknown,True,unknown,True,False,False,none
1260,42.042,unknown,True,unknown,True,False,False,none
1261,42.07536666666667,unknown,True,unknown,True,False,False,none
1262,42.10873333333333,unknown,True,unknown,True,False,False,none
1263,42.1421,unknown,True,unknown,True,False,False,none
1264,42.175466666666665,unknown,True,unknown,True,False,False,none
1265,42.20883333333333,unknown,True,unknown,True,False,False,none
1266,42.2422,unknown,True,unknown,True,False,False,none
1267,42.27556666666667,unknown,True,unknown,True,False,False,none
1268,42.308933333333336,unknown,True,unknown,True,False,False,none
1269,42.3423,unknown,True,unknown,True,False,False,none
1270,42.37566666666667,unknown,True,unknown,True,False,False,none
1271,42.40903333333333,unknown,True,unknown,True,False,False,none
1272,42.4424,unknown,True,unknown,True,False,False,none
1273,42.475766666666665,unknown,True,unknown,True,False,False,none
1274,42.50913333333333,unknown,True,unknown,True,False,False,none
1275,42.5425,unknown,True,unknown,True,False,False,none
1276,42.57586666666667,unknown,True,unknown,True,False,False,none
1277,42.609233333333336,unknown,True,unknown,True,False,False,none
1278,42.6426,unknown,True,unknown,True,False,False,none
1279,42.67596666666667,unknown,True,unknown,True,False,False,none
1280,42.70933333333333,unknown,True,unknown,True,False,False,none
1281,42.7427,unknown,True,unknown,True,False,False,none
1282,42.776066666666665,unknown,True,unknown,True,False,False,none
1283,42.80943333333333,unknown,True,unknown,True,False,False,none
1284,42.8428,unknown,True,unknown,True,False,False,none
1285,42.87616666666667,unknown,True,unknown,True,False,False,none
1286,42.909533333333336,unknown,True,unknown,True,False,False,none
1287,42.9429,unknown,True,unknown,True,False,False,none
1288,42.97626666666667,unknown,True,forward,True,False,False,none
1289,43.00963333333333,unknown,True,forward,True,False,False,none
1290,43.043,forward,True,forward,True,False,False,none
1291,43.076366666666665,unknown,True,forward,True,False,False,none
1292,43.10973333333333,unknown,True,forward,True,False,False,none
1293,43.1431,unknown,True,forward,True,False,False,none
1294,43.17646666666667,unknown,True,forward,True,False,False,none
1295,43.209833333333336,unknown,True,forward,True,False,False,none
1296,43.2432,unknown,True,forward,True,False,False,none
1297,43.27656666666667,unknown,True,unknown,True,False,False,none
1298,43.30993333333333,unknown,True,forward,True,False,False,none
1299,43.3433,unknown,True,forward,True,False,False,none
1300,43.376666666666665,unknown,True,forward,True,False,False,none
1301,43.41003333333333,unknown,True,forward,True,False,False,none
1302,43.4434,unknown,True,unknown,True,False,False,none
1303,43.47676666666667,unknown,True,forward,True,False,False,none
1304,43.510133333333336,unknown,True,unknown,True,False,False,none
1305,43.5435,unknown,True,unknown,True,False,False,none
1306,43.57686666666667,unknown,True,forward,True,False,False,none
1307,43.61023333333333,unknown,True,forward,True,False,False,none
1308,43.6436,unknown,True,forward,True,False,False,none
1309,43.676966666666665,unknown,True,forward,True,False,False,none
1310,43.71033333333333,unknown,True,forward,True,False,False,none
1311,43.7437,unknown,True,forward,True,False,False,none
1312,43.77706666666667,unknown,True,forward,True,False,False,none
1313,43.810433333333336,unknown,True,forward,True,False,False,none
1314,43.8438,unknown,True,forward,True,False,False,none
1315,43.87716666666667,unknown,True,forward,True,False,False,none
1316,43.91053333333333,unknown,True,forward,True,False,False,none
1317,43.9439,unknown,True,forward,True,False,False,none
1318,43.977266666666665,unknown,True,forward,True,False,False,none
1319,44.01063333333333,unknown,True,forward,True,False,False,none
1320,44.044,unknown,True,forward,True,False,False,none
1321,44.07736666666667,unknown,True,forward,True,False,False,none
1322,44.110733333333336,unknown,True,unknown,True,False,False,none
1323,44.1441,unknown,True,unknown,True,False,False,none
1324,44.17746666666667,unknown,True,unknown,True,False,False,none
1325,44.21083333333333,unknown,True,unknown,True,False,False,none
1326,44.2442,unknown,True,unknown,True,False,False,none
1327,44.277566666666665,unknown,True,unknown,True,False,False,none
1328,44.31093333333333,unknown,True,unknown,True,False,False,none
1329,44.3443,unknown,True,unknown,True,False,False,none
1330,44.37766666666667,unknown,True,unknown,True,False,False,none
1331,44.411033333333336,unknown,True,unknown,True,False,False,none
1332,44.4444,unknown,True,unknown,True,False,False,none
1333,44.47776666666667,unknown,True,unknown,True,False,False,none
1334,44.51113333333333,unknown,True,unknown,True,False,False,none
1335,44.5445,unknown,True,unknown,True,False,False,none
1336,44.577866666666665,unknown,True,unknown,True,False,False,none
1337,44.61123333333333,unknown,True,unknown,True,False,False,none
1338,44.6446,unknown,True,unknown,True,False,False,none
1339,44.67796666666667,unknown,True,downward,True,False,False,none
1340,44.711333333333336,unknown,True,forward,True,False,False,none
1341,44.7447,unknown,True,forward,True,False,False,none
1342,44.77806666666667,unknown,True,unknown,True,False,False,none
1343,44.81143333333333,unknown,True,unknown,True,False,False,none
1344,44.8448,unknown,True,unknown,True,False,False,none
1345,44.878166666666665,unknown,True,unknown,True,False,False,none
1346,44.91153333333333,unknown,True,unknown,True,False,False,none
1347,44.9449,unknown,True,unknown,True,False,False,none
1348,44.97826666666667,unknown,True,unknown,True,False,False,none
1349,45.011633333333336,unknown,True,unknown,True,False,False,none
1350,45.045,unknown,True,unknown,True,False,False,none
1351,45.07836666666667,unknown,True,unknown,True,False,False,none
1352,45.11173333333333,unknown,True,unknown,True,False,False,none
1353,45.1451,unknown,True,unknown,True,False,False,none
1354,45.178466666666665,unknown,True,unknown,True,False,False,none
1355,45.21183333333333,unknown,True,unknown,True,False,False,none
1356,45.2452,unknown,True,unknown,True,False,False,none
1357,45.27856666666667,unknown,True,unknown,True,False,False,none
1358,45.311933333333336,unknown,True,unknown,True,False,False,none
1359,45.3453,unknown,True,unknown,True,False,False,none
1360,45.37866666666667,unknown,True,unknown,True,False,False,none
1361,45.41203333333333,unknown,True,unknown,True,False,False,none
1362,45.4454,unknown,True,forward,True,False,False,none
1363,45.478766666666665,unknown,True,unknown,True,False,False,none
1364,45.51213333333333,unknown,True,unknown,True,False,False,none
1365,45.5455,unknown,True,unknown,True,False,False,none
1366,45.57886666666667,unknown,True,unknown,True,False,False,none
1367,45.612233333333336,unknown,True,unknown,True,False,False,none
1368,45.6456,unknown,True,unknown,True,False,False,none
1369,45.67896666666667,unknown,True,unknown,True,False,False,none
1370,45.71233333333333,unknown,True,unknown,True,False,False,none
1371,45.7457,unknown,True,unknown,True,False,False,none
1372,45.779066666666665,unknown,True,unknown,True,False,False,none
1373,45.81243333333333,unknown,True,unknown,True,False,False,none
1374,45.8458,unknown,True,unknown,True,False,False,none
1375,45.87916666666667,unknown,True,unknown,True,False,False,none
1376,45.912533333333336,unknown,True,unknown,True,False,False,none
1377,45.9459,unknown,True,unknown,True,False,False,none
1378,45.97926666666667,unknown,True,unknown,True,False,False,none
1379,46.01263333333333,unknown,True,unknown,True,False,False,none
1380,46.046,unknown,True,unknown,True,False,False,none
1381,46.079366666666665,unknown,True,unknown,True,False,False,none
1382,46.11273333333333,unknown,True,unknown,True,False,False,none
1383,46.1461,unknown,True,unknown,True,False,False,none
1384,46.17946666666667,unknown,True,unknown,True,False,False,none
1385,46.212833333333336,unknown,True,unknown,True,False,False,none
1386,46.2462,unknown,True,unknown,True,False,False,none
1387,46.27956666666667,unknown,True,unknown,True,False,False,none
1388,46.31293333333333,unknown,True,unknown,True,False,False,none
1389,46.3463,unknown,True,unknown,True,False,False,none
1390,46.379666666666665,unknown,True,unknown,True,False,False,none
1391,46.41303333333333,unknown,True,unknown,True,False,False,none
1392,46.4464,unknown,True,unknown,True,False,False,none
1393,46.47976666666667,unknown,True,unknown,True,False,False,none
1394,46.513133333333336,unknown,True,unknown,True,False,False,none
1395,46.5465,unknown,True,unknown,True,False,False,none
1396,46.57986666666667,unknown,True,unknown,True,False,False,none
1397,46.61323333333333,unknown,True,unknown,True,False,False,none
1398,46.6466,unknown,True,forward,True,False,False,none
1399,46.679966666666665,unknown,True,forward,True,False,False,none
1400,46.71333333333333,unknown,True,forward,True,False,False,none
1401,46.7467,unknown,True,forward,True,False,False,none
1402,46.78006666666667,unknown,True,unknown,True,False,False,none
1403,46.813433333333336,unknown,True,unknown,True,False,False,none
1404,46.8468,unknown,True,unknown,True,False,False,none
1405,46.88016666666667,unknown,True,unknown,True,False,False,none
1406,46.91353333333333,unknown,True,unknown,True,False,False,none
1407,46.9469,unknown,True,unknown,True,False,False,none
1408,46.980266666666665,unknown,True,unknown,True,False,False,none
1409,47.01363333333333,unknown,True,unknown,True,False,False,none
1410,47.047,forward,True,unknown,True,False,False,none
1411,47.08036666666667,forward,True,unknown,True,False,False,none
1412,47.113733333333336,forward,True,unknown,True,False,False,none
1413,47.1471,forward,True,unknown,True,False,False,none
1414,47.18046666666667,forward,True,unknown,True,False,False,none
1415,47.21383333333333,forward,True,unknown,True,False,False,none
1416,47.2472,forward,True,unknown,True,False,False,none
1417,47.280566666666665,forward,True,unknown,True,False,False,none
1418,47.31393333333333,forward,True,unknown,True,False,False,none
1419,47.3473,forward,True,unknown,True,False,False,none
1420,47.38066666666667,forward,True,unknown,True,False,False,none
1421,47.414033333333336,forward,True,unknown,True,False,False,none
1422,47.4474,forward,True,unknown,True,False,False,none
1423,47.48076666666667,forward,True,unknown,True,False,False,none
1424,47.51413333333333,forward,True,unknown,True,False,False,none
1425,47.5475,forward,True,unknown,True,False,False,none
1426,47.580866666666665,forward,True,unknown,True,False,False,none
1427,47.61423333333333,forward,True,unknown,True,False,False,none
1428,47.6476,forward,True,unknown,True,False,False,none
1429,47.68096666666667,forward,True,forward,True,False,False,none
1430,47.714333333333336,forward,True,unknown,True,False,False,none
1431,47.7477,forward,True,unknown,True,False,False,none
1432,47.78106666666667,forward,True,forward,True,False,False,none
1433,47.81443333333333,forward,True,unknown,True,False,False,none
1434,47.8478,forward,True,unknown,True,False,False,none
1435,47.881166666666665,forward,True,unknown,True,False,False,none
1436,47.91453333333333,forward,True,forward,True,False,False,none
1437,47.9479,forward,True,forward,True,False,False,none
1438,47.98126666666667,forward,True,forward,True,False,False,none
1439,48.014633333333336,forward,True,forward,True,False,False,none
1440,48.048,forward,True,unknown,True,False,False,none
1441,48.08136666666667,forward,True,unknown,True,False,False,none
1442,48.11473333333333,forward,True,forward,True,False,False,none
1443,48.1481,unknown,True,unknown,True,False,False,none
1444,48.181466666666665,unknown,True,unknown,True,False,False,none
1445,48.21483333333333,unknown,True,unknown,True,False,False,none
1446,48.2482,unknown,True,unknown,True,False,False,none
1447,48.28156666666667,unknown,True,unknown,True,False,False,none
1448,48.314933333333336,unknown,True,unknown,True,False,False,none
1449,48.3483,unknown,True,unknown,True,False,False,none
1450,48.38166666666667,unknown,True,forward,True,False,False,none
1451,48.41503333333333,unknown,True,unknown,True,False,False,none
1452,48.4484,unknown,True,unknown,True,False,False,none
1453,48.481766666666665,unknown,True,unknown,True,False,False,none
1454,48.51513333333333,unknown,True,unknown,True,False,False,none
1455,48.5485,unknown,True,unknown,True,False,False,none
1456,48.58186666666667,unknown,True,unknown,True,False,False,none
1457,48.615233333333336,unknown,True,unknown,True,False,False,none
1458,48.6486,unknown,True,unknown,True,False,False,none
1459,48.68196666666667,unknown,True,unknown,True,False,False,none
1460,48.71533333333333,unknown,True,unknown,True,False,False,none
1461,48.7487,unknown,True,unknown,True,False,False,none
1462,48.782066666666665,unknown,True,unknown,True,False,False,none
1463,48.81543333333333,unknown,True,unknown,True,False,False,none
1464,48.8488,forward,True,unknown,True,False,False,none
1465,48.88216666666667,forward,True,unknown,True,False,False,none
1466,48.915533333333336,forward,True,unknown,True,False,False,none
1467,48.9489,forward,True,unknown,True,False,False,none
1468,48.98226666666667,forward,True,unknown,True,False,False,none
1469,49.01563333333333,forward,True,unknown,True,False,False,none
1470,49.049,forward,True,unknown,True,False,False,none
1471,49.082366666666665,forward,True,unknown,True,False,False,none
1472,49.11573333333333,forward,True,unknown,True,False,False,none
1473,49.1491,forward,True,unknown,True,False,False,none
1474,49.18246666666667,forward,True,forward,True,False,False,none
1475,49.215833333333336,forward,True,unknown,True,False,False,none
1476,49.2492,forward,True,unknown,True,False,False,none
1477,49.28256666666667,forward,True,unknown,True,False,False,none
1478,49.31593333333333,forward,True,forward,True,False,False,none
1479,49.3493,forward,True,unknown,True,False,False,none
1480,49.382666666666665,forward,True,unknown,True,False,False,none
1481,49.41603333333333,forward,True,unknown,True,False,False,none
1482,49.4494,forward,True,unknown,True,False,False,none
1483,49.48276666666667,forward,True,unknown,True,False,False,none
1484,49.516133333333336,forward,True,unknown,True,False,False,none
1485,49.5495,forward,True,unknown,True,False,False,none
1486,49.58286666666667,forward,True,unknown,True,False,False,none
1487,49.61623333333333,forward,True,unknown,True,False,False,none
1488,49.6496,forward,True,unknown,True,False,False,none
1489,49.682966666666665,forward,True,forward,True,False,False,none
1490,49.71633333333333,forward,True,unknown,True,False,False,none
1491,49.7497,forward,True,unknown,True,False,False,none
1492,49.78306666666667,unknown,True,downward,True,False,False,none
1493,49.816433333333336,forward,True,unknown,True,False,False,none
1494,49.8498,forward,True,unknown,True,False,False,none
1495,49.88316666666667,forward,True,unknown,True,False,False,none
1496,49.91653333333333,forward,True,forward,True,False,False,none
1497,49.9499,forward,True,forward,True,False,False,none
1498,49.983266666666665,forward,True,forward,True,False,False,none
1499,50.01663333333333,forward,True,unknown,True,False,False,none
1500,50.05,forward,True,unknown,True,False,False,none
1501,50.08336666666667,unknown,True,unknown,True,False,False,none
1502,50.116733333333336,unknown,True,unknown,True,False,False,none
1503,50.1501,unknown,True,unknown,True,False,False,none
1504,50.18346666666667,unknown,True,unknown,True,False,False,none
1505,50.21683333333333,unknown,True,unknown,True,False,False,none
1506,50.2502,unknown,True,unknown,True,False,False,none
1507,50.283566666666665,unknown,True,downward,True,False,False,none
1508,50.31693333333333,unknown,True,downward,True,False,False,none
1509,50.3503,unknown,True,unknown,False,False,False,none
1510,50.38366666666667,unknown,True,unknown,False,False,False,none
1511,50.417033333333336,unknown,True,unknown,False,False,False,none
1512,50.4504,unknown,True,downward,True,False,False,none
1513,50.48376666666667,unknown,True,downward,True,False,False,none
1514,50.51713333333333,unknown,True,downward,True,False,False,none
1515,50.5505,unknown,True,downward,True,False,False,none
1516,50.583866666666665,unknown,True,downward,True,False,False,none
1517,50.61723333333333,unknown,True,downward,True,False,False,none
1518,50.6506,unknown,True,downward,True,False,False,none
1519,50.68396666666667,unknown,True,unknown,True,False,False,none
1520,50.717333333333336,unknown,True,unknown,True,False,False,none
1521,50.7507,unknown,True,unknown,True,False,False,none
1522,50.78406666666667,unknown,True,unknown,True,False,False,none
1523,50.81743333333333,unknown,True,unknown,True,False,False,none
1524,50.8508,unknown,True,forward,True,False,False,none
1525,50.884166666666665,unknown,True,forward,True,False,False,none
1526,50.91753333333333,unknown,True,forward,True,False,False,none
1527,50.9509,unknown,True,forward,True,False,False,none
1528,50.98426666666667,unknown,True,forward,True,False,False,none
1529,51.017633333333336,unknown,True,forward,True,False,False,none
1530,51.051,unknown,True,forward,True,False,False,none
1531,51.08436666666667,unknown,True,forward,True,False,False,none
1532,51.11773333333333,unknown,True,forward,True,False,False,none
1533,51.1511,unknown,True,forward,True,False,False,none
1534,51.184466666666665,unknown,True,forward,True,False,False,none
1535,51.21783333333333,unknown,True,forward,True,False,False,none
1536,51.2512,unknown,True,forward,True,False,False,none
1537,51.28456666666667,unknown,True,forward,True,False,False,none
1538,51.317933333333336,unknown,True,forward,True,False,False,none
1539,51.3513,unknown,True,forward,True,False,False,none
1540,51.38466666666667,unknown,True,forward,True,False,False,none
1541,51.41803333333333,unknown,True,forward,True,False,False,none
1542,51.4514,unknown,True,forward,True,False,False,none
1543,51.484766666666665,unknown,True,forward,True,False,False,none
1544,51.51813333333333,unknown,True,forward,True,False,False,none
1545,51.5515,unknown,True,forward,True,False,False,none
1546,51.58486666666667,unknown,True,forward,True,False,False,none
1547,51.618233333333336,unknown,True,forward,True,False,False,none
1548,51.6516,unknown,True,forward,True,False,False,none
1549,51.68496666666667,unknown,True,forward,True,False,False,none
1550,51.71833333333333,unknown,True,forward,True,False,False,none
1551,51.7517,unknown,True,forward,True,False,False,none
1552,51.785066666666665,unknown,True,forward,True,False,False,none
1553,51.81843333333333,unknown,True,unknown,True,False,False,none
1554,51.8518,unknown,True,unknown,True,False,False,none
1555,51.88516666666667,unknown,True,unknown,True,False,False,none
1556,51.918533333333336,unknown,True,unknown,True,False,False,none
1557,51.9519,unknown,True,unknown,True,False,False,none
1558,51.98526666666667,unknown,True,unknown,True,False,False,none
1559,52.01863333333333,unknown,True,unknown,True,False,False,none
1560,52.052,unknown,True,unknown,True,False,False,none
1561,52.085366666666665,forward,True,unknown,True,False,False,none
1562,52.11873333333333,unknown,True,unknown,True,False,False,none
1563,52.1521,unknown,True,unknown,True,False,False,none
1564,52.18546666666666,unknown,True,unknown,True,False,False,none
1565,52.218833333333336,forward,True,unknown,True,False,False,none
1566,52.2522,forward,True,unknown,True,False,False,none
1567,52.28556666666667,forward,True,unknown,True,False,False,none
1568,52.31893333333333,forward,True,unknown,True,False,False,none
1569,52.3523,forward,True,forward,True,False,False,none
1570,52.385666666666665,forward,True,forward,True,False,False,none
1571,52.41903333333333,forward,True,unknown,True,False,False,none
1572,52.4524,forward,True,unknown,True,False,False,none
1573,52.48576666666666,unknown,True,forward,True,False,False,none
1574,52.519133333333336,unknown,True,forward,True,False,False,none
1575,52.5525,unknown,True,unknown,True,False,False,none
1576,52.58586666666667,unknown,True,forward,True,False,False,none
1577,52.61923333333333,unknown,True,forward,True,False,False,none
1578,52.6526,unknown,True,forward,True,False,False,none
1579,52.685966666666666,unknown,True,unknown,True,False,False,none
1580,52.71933333333333,unknown,True,forward,True,False,False,none
1581,52.7527,unknown,True,forward,True,False,False,none
1582,52.78606666666666,unknown,True,forward,True,False,False,none
1583,52.819433333333336,unknown,True,forward,True,False,False,none
1584,52.8528,unknown,True,forward,True,False,False,none
1585,52.88616666666667,unknown,True,forward,True,False,False,none
1586,52.91953333333333,unknown,True,forward,True,False,False,none
1587,52.9529,unknown,True,forward,True,False,False,none
1588,52.986266666666666,unknown,True,forward,True,False,False,none
1589,53.01963333333333,unknown,True,forward,True,False,False,none
1590,53.053,unknown,True,forward,True,False,False,none
1591,53.08636666666666,unknown,True,forward,True,False,False,none
1592,53.119733333333336,unknown,True,forward,True,False,False,none
1593,53.1531,unknown,True,unknown,True,False,False,none
1594,53.18646666666667,unknown,True,unknown,True,False,False,none
1595,53.21983333333333,unknown,True,unknown,True,False,False,none
1596,53.2532,unknown,True,unknown,True,False,False,none
1597,53.286566666666666,unknown,True,unknown,True,False,False,none
1598,53.31993333333333,unknown,True,forward,True,False,False,none
1599,53.3533,unknown,True,unknown,True,False,False,none
1600,53.38666666666666,unknown,True,unknown,True,False,False,none
1601,53.420033333333336,forward,True,unknown,True,False,False,none
1602,53.4534,forward,True,unknown,True,False,False,none
1603,53.48676666666667,forward,True,unknown,True,False,False,none
1604,53.52013333333333,forward,True,unknown,True,False,False,none
1605,53.5535,forward,True,unknown,True,False,False,none
1606,53.586866666666666,forward,True,unknown,True,False,False,none
1607,53.62023333333333,forward,True,unknown,True,False,False,none
1608,53.6536,forward,True,unknown,True,False,False,none
1609,53.68696666666666,forward,True,unknown,True,False,False,none
1610,53.720333333333336,forward,True,unknown,True,False,False,none
1611,53.7537,unknown,True,unknown,True,False,False,none
1612,53.78706666666667,unknown,True,unknown,True,False,False,none
1613,53.82043333333333,unknown,True,unknown,True,False,False,none
1614,53.8538,unknown,True,unknown,True,False,False,none
1615,53.887166666666666,unknown,True,unknown,True,False,False,none
1616,53.92053333333333,unknown,True,unknown,True,False,False,none
1617,53.9539,unknown,True,unknown,False,False,False,none
1618,53.98726666666666,unknown,True,unknown,False,False,False,none
1619,54.020633333333336,unknown,True,unknown,False,False,False,none
1620,54.054,unknown,True,unknown,True,False,False,none
1621,54.08736666666667,unknown,True,unknown,False,False,False,none
1622,54.12073333333333,unknown,True,unknown,False,False,False,none
1623,54.1541,unknown,True,unknown,False,False,False,none
1624,54.187466666666666,unknown,True,unknown,False,False,False,none
1625,54.22083333333333,unknown,True,unknown,True,False,False,none
1626,54.2542,unknown,True,unknown,True,False,False,none
1627,54.28756666666666,unknown,True,unknown,True,False,False,none
1628,54.320933333333336,unknown,True,unknown,True,False,False,none
1629,54.3543,unknown,True,unknown,True,False,False,none
1630,54.38766666666667,unknown,True,unknown,True,False,False,none
1631,54.42103333333333,unknown,True,unknown,True,False,False,none
1632,54.4544,unknown,True,unknown,True,False,False,none
1633,54.487766666666666,unknown,True,unknown,True,False,False,none
1634,54.52113333333333,unknown,True,unknown,True,False,False,none
1635,54.5545,unknown,True,unknown,True,False,False,none
1636,54.58786666666666,unknown,True,unknown,True,False,False,none
1637,54.621233333333336,unknown,True,unknown,True,False,False,none
1638,54.6546,unknown,True,unknown,True,False,False,none
1639,54.68796666666667,unknown,True,unknown,True,False,False,none
1640,54.72133333333333,forward,True,unknown,True,False,False,none
1641,54.7547,forward,True,unknown,True,False,False,none
1642,54.788066666666666,forward,True,unknown,True,False,False,none
1643,54.82143333333333,forward,True,unknown,True,False,False,none
1644,54.8548,forward,True,unknown,True,False,False,none
1645,54.88816666666666,forward,True,unknown,True,False,False,none
1646,54.921533333333336,forward,True,unknown,True,False,False,none
1647,54.9549,forward,True,unknown,True,False,False,none
1648,54.98826666666667,forward,True,unknown,True,False,False,none
1649,55.02163333333333,forward,True,unknown,True,False,False,none
1650,55.055,forward,True,downward,True,False,False,none
1651,55.088366666666666,forward,True,unknown,False,False,False,none
1652,55.12173333333333,forward,True,unknown,True,False,False,none
1653,55.1551,forward,True,unknown,True,False,False,none
1654,55.18846666666666,forward,True,downward,True,False,False,none
1655,55.221833333333336,forward,True,unknown,True,False,False,none
1656,55.2552,forward,True,unknown,True,False,False,none
1657,55.28856666666667,forward,True,unknown,True,False,False,none
1658,55.32193333333333,forward,True,unknown,True,False,False,none
1659,55.3553,forward,True,unknown,True,False,False,none
1660,55.388666666666666,forward,True,unknown,False,False,False,none
1661,55.42203333333333,forward,True,unknown,True,False,False,none
1662,55.4554,forward,True,unknown,False,False,False,none
1663,55.48876666666666,forward,True,unknown,True,False,False,none
1664,55.522133333333336,forward,True,unknown,True,False,False,none
1665,55.5555,forward,True,unknown,True,False,False,none
1666,55.58886666666667,forward,True,unknown,True,False,False,none
1667,55.62223333333333,forward,True,unknown,True,False,False,none
1668,55.6556,forward,True,unknown,True,False,False,none
1669,55.688966666666666,forward,True,unknown,True,False,False,none
1670,55.72233333333333,forward,True,unknown,True,False,False,none
1671,55.7557,forward,True,unknown,False,False,False,none
1672,55.78906666666666,forward,True,unknown,True,False,False,none
1673,55.822433333333336,forward,True,unknown,True,False,False,none
1674,55.8558,forward,True,unknown,True,False,False,none
1675,55.88916666666667,forward,True,unknown,True,False,False,none
1676,55.92253333333333,forward,True,forward,True,False,False,none
1677,55.9559,forward,True,forward,True,False,False,none
1678,55.989266666666666,forward,True,forward,True,False,False,none
1679,56.02263333333333,unknown,True,forward,True,False,False,none
1680,56.056,unknown,True,forward,True,False,False,none
1681,56.08936666666666,unknown,True,forward,True,False,False,none
1682,56.122733333333336,unknown,True,unknown,True,False,False,none
1683,56.1561,unknown,True,unknown,True,False,False,none
1684,56.18946666666667,unknown,True,unknown,True,False,False,none
1685,56.22283333333333,unknown,True,unknown,True,False,False,none
1686,56.2562,unknown,True,unknown,True,False,False,none
1687,56.289566666666666,unknown,True,unknown,True,False,False,none
1688,56.32293333333333,unknown,True,unknown,True,False,False,none
1689,56.3563,unknown,True,unknown,True,False,False,none
1690,56.38966666666666,unknown,True,unknown,True,False,False,none
1691,56.423033333333336,unknown,True,unknown,True,False,False,none
1692,56.4564,unknown,True,unknown,True,False,False,none
1693,56.48976666666667,unknown,True,unknown,True,False,False,none
1694,56.52313333333333,unknown,True,unknown,True,False,False,none
1695,56.5565,unknown,True,unknown,True,False,False,none
1696,56.589866666666666,unknown,True,unknown,True,False,False,none
1697,56.62323333333333,unknown,True,unknown,True,False,False,none
1698,56.6566,unknown,True,unknown,True,False,False,none
1699,56.68996666666666,unknown,True,unknown,True,False,False,none
1700,56.723333333333336,unknown,True,unknown,True,False,False,none
1701,56.7567,unknown,True,forward,True,False,False,none
1702,56.79006666666667,unknown,True,forward,True,False,False,none
1703,56.82343333333333,unknown,True,forward,True,False,False,none
1704,56.8568,unknown,True,forward,True,False,False,none
1705,56.890166666666666,unknown,True,forward,True,False,False,none
1706,56.92353333333333,unknown,True,forward,True,False,False,none
1707,56.9569,unknown,True,forward,True,False,False,none
1708,56.99026666666666,unknown,True,forward,True,False,False,none
1709,57.023633333333336,unknown,True,forward,True,False,False,none
1710,57.057,unknown,True,unknown,True,False,False,none
1711,57.09036666666667,unknown,True,unknown,True,False,False,none
1712,57.12373333333333,unknown,True,forward,True,False,False,none
1713,57.1571,unknown,True,forward,True,False,False,none
1714,57.190466666666666,unknown,True,forward,True,False,False,none
1715,57.22383333333333,unknown,True,forward,True,False,False,none
1716,57.2572,unknown,True,forward,True,False,False,none
1717,57.29056666666666,unknown,True,forward,True,False,False,none
1718,57.323933333333336,unknown,True,forward,True,False,False,none
1719,57.3573,unknown,True,forward,True,False,False,none
1720,57.39066666666667,unknown,True,forward,True,False,False,none
1721,57.42403333333333,unknown,True,forward,True,False,False,none
1722,57.4574,unknown,True,forward,True,False,False,none
1723,57.490766666666666,unknown,True,forward,True,False,False,none
1724,57.52413333333333,unknown,True,forward,True,False,False,none
1725,57.5575,unknown,True,forward,True,False,False,none
1726,57.59086666666666,unknown,True,unknown,True,False,False,none
1727,57.624233333333336,unknown,True,unknown,True,False,False,none
1728,57.6576,unknown,True,unknown,True,False,False,none
1729,57.69096666666667,unknown,True,unknown,True,False,False,none
1730,57.72433333333333,unknown,True,unknown,True,False,False,none
1731,57.7577,unknown,True,unknown,True,False,False,none
1732,57.791066666666666,unknown,True,unknown,True,False,False,none
1733,57.82443333333333,unknown,True,unknown,True,False,False,none
1734,57.8578,unknown,True,unknown,True,False,False,none
1735,57.89116666666666,unknown,True,unknown,True,False,False,none
1736,57.924533333333336,unknown,True,unknown,True,False,False,none
1737,57.9579,unknown,True,unknown,True,False,False,none
1738,57.99126666666667,unknown,True,unknown,True,False,False,none
1739,58.02463333333333,unknown,True,unknown,True,False,False,none
1740,58.058,unknown,True,unknown,True,False,False,none
1741,58.091366666666666,unknown,True,unknown,True,False,False,none
1742,58.12473333333333,unknown,True,unknown,True,False,False,none
1743,58.1581,unknown,True,unknown,True,False,False,none
1744,58.19146666666666,unknown,True,unknown,False,False,False,none
1745,58.224833333333336,unknown,True,unknown,False,False,False,none
1746,58.2582,unknown,True,unknown,True,False,False,none
1747,58.29156666666667,unknown,True,unknown,True,False,False,none
1748,58.32493333333333,unknown,True,unknown,True,False,False,none
1749,58.3583,unknown,True,unknown,True,False,False,none
1750,58.391666666666666,unknown,True,unknown,True,False,False,none
1751,58.42503333333333,unknown,True,downward,True,False,False,none
1752,58.4584,unknown,True,unknown,True,False,False,none
1753,58.49176666666666,unknown,True,unknown,True,False,False,none
1754,58.525133333333336,unknown,True,unknown,True,False,False,none
1755,58.5585,unknown,True,unknown,True,False,False,none
1756,58.59186666666667,unknown,True,unknown,True,False,False,none
1757,58.62523333333333,unknown,True,unknown,True,False,False,none
1758,58.6586,unknown,True,unknown,True,False,False,none
1759,58.691966666666666,unknown,True,unknown,True,False,False,none
1760,58.72533333333333,unknown,True,unknown,True,False,False,none
1761,58.7587,unknown,True,unknown,True,False,False,none
1762,58.79206666666666,unknown,True,unknown,True,False,False,none
1763,58.825433333333336,unknown,True,unknown,True,False,False,none
1764,58.8588,unknown,True,unknown,True,False,False,none
1765,58.89216666666667,unknown,True,unknown,True,False,False,none
1766,58.92553333333333,unknown,True,unknown,True,False,False,none
1767,58.9589,unknown,True,forward,True,False,False,none
1768,58.992266666666666,unknown,True,forward,True,False,False,none
1769,59.02563333333333,unknown,True,forward,True,False,False,none
1770,59.059,unknown,True,forward,True,False,False,none
1771,59.09236666666666,unknown,True,unknown,True,False,False,none
1772,59.125733333333336,unknown,True,unknown,True,False,False,none
1773,59.1591,unknown,True,unknown,True,False,False,none
1774,59.19246666666667,unknown,True,unknown,True,False,False,none
1775,59.22583333333333,unknown,True,unknown,True,False,False,none
1776,59.2592,unknown,True,unknown,True,False,False,none
1777,59.292566666666666,unknown,True,unknown,True,False,False,none
1778,59.32593333333333,unknown,True,unknown,True,False,False,none
1779,59.3593,unknown,True,unknown,True,False,False,none
1780,59.39266666666666,unknown,True,unknown,True,False,False,none
1781,59.426033333333336,unknown,True,unknown,True,False,False,none
1782,59.4594,unknown,True,unknown,True,False,False,none
1783,59.49276666666667,unknown,True,unknown,True,False,False,none
1784,59.52613333333333,unknown,True,unknown,True,False,False,none
1785,59.5595,unknown,True,unknown,True,False,False,none
1786,59.592866666666666,unknown,True,unknown,True,False,False,none
1787,59.62623333333333,unknown,True,unknown,True,False,False,none
1788,59.6596,unknown,True,unknown,True,False,False,none
1789,59.69296666666666,unknown,True,unknown,True,False,False,none
1790,59.726333333333336,unknown,True,unknown,True,False,False,none
1791,59.7597,unknown,True,unknown,True,False,False,none
1792,59.79306666666667,unknown,True,unknown,True,False,False,none
1793,59.82643333333333,unknown,True,unknown,True,False,False,none
1794,59.8598,unknown,True,unknown,True,False,False,none
1795,59.893166666666666,unknown,True,unknown,True,False,False,none
1796,59.92653333333333,unknown,True,unknown,True,False,False,none
1797,59.9599,unknown,True,unknown,True,False,False,none
1798,59.99326666666666,unknown,True,forward,True,False,False,none
1799,60.026633333333336,unknown,True,forward,True,False,False,none
1800,60.06,unknown,True,forward,True,False,False,none
1801,60.09336666666667,unknown,True,forward,True,False,False,none
1802,60.12673333333333,unknown,True,unknown,True,False,False,none
1803,60.1601,unknown,True,unknown,True,False,False,none
1804,60.193466666666666,unknown,True,unknown,True,False,False,none
1805,60.22683333333333,unknown,True,unknown,True,False,False,none
1806,60.2602,unknown,True,unknown,True,False,False,none
1807,60.29356666666666,unknown,True,unknown,True,False,False,none
1808,60.326933333333336,unknown,True,downward,True,False,False,none
1809,60.3603,unknown,True,unknown,True,False,False,none
1810,60.39366666666667,unknown,True,unknown,True,False,False,none
1811,60.42703333333333,unknown,True,unknown,True,False,False,none
1812,60.4604,unknown,True,unknown,True,False,False,none
1813,60.493766666666666,unknown,True,unknown,True,False,False,none
1814,60.52713333333333,unknown,True,unknown,True,False,False,none
1815,60.5605,unknown,True,unknown,True,False,False,none
1816,60.59386666666666,unknown,True,unknown,True,False,False,none
1817,60.627233333333336,unknown,True,unknown,True,False,False,none
1818,60.6606,unknown,True,unknown,True,False,False,none
1819,60.69396666666667,unknown,True,unknown,True,False,False,none
1820,60.72733333333333,unknown,True,unknown,True,False,False,none
1821,60.7607,unknown,True,unknown,True,False,False,none
1822,60.794066666666666,unknown,True,unknown,True,False,False,none
1823,60.82743333333333,unknown,True,unknown,True,False,False,none
1824,60.8608,unknown,True,unknown,True,False,False,none
1825,60.89416666666666,unknown,True,unknown,True,False,False,none
1826,60.927533333333336,unknown,True,unknown,True,False,False,none
1827,60.9609,unknown,True,unknown,True,False,False,none
1828,60.99426666666667,unknown,True,unknown,True,False,False,none
1829,61.02763333333333,unknown,True,unknown,True,False,False,none
1830,61.061,unknown,True,unknown,True,False,False,none
1831,61.094366666666666,unknown,True,forward,True,False,False,none
1832,61.12773333333333,unknown,True,unknown,True,False,False,none
1833,61.1611,unknown,True,unknown,True,False,False,none
1834,61.19446666666666,unknown,True,unknown,True,False,False,none
1835,61.227833333333336,unknown,True,unknown,True,False,False,none
1836,61.2612,unknown,True,unknown,True,False,False,none
1837,61.29456666666667,unknown,True,unknown,True,False,False,none
1838,61.32793333333333,unknown,True,forward,True,False,False,none
1839,61.3613,unknown,True,forward,True,False,False,none
1840,61.394666666666666,unknown,True,forward,True,False,False,none
1841,61.42803333333333,unknown,True,forward,True,False,False,none
1842,61.4614,unknown,True,forward,True,False,False,none
1843,61.49476666666666,unknown,True,forward,True,False,False,none
1844,61.52813333333334,unknown,True,forward,True,False,False,none
1845,61.5615,unknown,True,forward,True,False,False,none
1846,61.59486666666667,unknown,True,forward,True,False,False,none
1847,61.62823333333333,unknown,True,forward,True,False,False,none
1848,61.6616,unknown,True,forward,True,False,False,none
1849,61.694966666666666,unknown,True,forward,True,False,False,none
1850,61.72833333333333,forward,True,forward,True,False,False,none
1851,61.7617,forward,True,forward,True,False,False,none
1852,61.79506666666666,forward,True,forward,True,False,False,none
1853,61.82843333333334,forward,True,unknown,True,False,False,none
1854,61.8618,forward,True,forward,True,False,False,none
1855,61.89516666666667,forward,True,forward,True,False,False,none
1856,61.92853333333333,forward,True,forward,True,False,False,none
1857,61.9619,unknown,True,forward,True,False,False,none
1858,61.995266666666666,unknown,True,forward,True,False,False,none
1859,62.02863333333333,unknown,True,forward,True,False,False,none
1860,62.062,unknown,True,unknown,True,False,False,none
1861,62.09536666666666,forward,True,unknown,True,False,False,none
1862,62.12873333333334,unknown,True,unknown,True,False,False,none
1863,62.1621,unknown,True,unknown,True,False,False,none
1864,62.19546666666667,forward,True,unknown,True,False,False,none
1865,62.22883333333333,forward,True,unknown,True,False,False,none
1866,62.2622,forward,True,unknown,True,False,False,none
1867,62.295566666666666,forward,True,unknown,True,False,False,none
1868,62.32893333333333,forward,True,unknown,True,False,False,none
1869,62.3623,forward,True,unknown,True,False,False,none
1870,62.39566666666666,forward,True,unknown,True,False,False,none
1871,62.42903333333334,forward,True,unknown,True,False,False,none
1872,62.4624,forward,True,unknown,True,False,False,none
1873,62.49576666666667,forward,True,downward,True,False,False,none
1874,62.52913333333333,forward,True,unknown,True,False,False,none
1875,62.5625,forward,True,unknown,True,False,False,none
1876,62.595866666666666,forward,True,unknown,True,False,False,none
1877,62.62923333333333,forward,True,unknown,True,False,False,none
1878,62.6626,forward,True,unknown,True,False,False,none
1879,62.69596666666666,forward,True,unknown,True,False,False,none
1880,62.72933333333334,forward,True,unknown,True,False,False,none
1881,62.7627,forward,True,unknown,True,False,False,none
1882,62.79606666666667,forward,True,unknown,True,False,False,none
1883,62.82943333333333,forward,True,unknown,True,False,False,none
1884,62.8628,forward,True,unknown,True,False,False,none
1885,62.896166666666666,forward,True,unknown,True,False,False,none
1886,62.92953333333333,forward,True,unknown,True,False,False,none
1887,62.9629,unknown,True,unknown,True,False,False,none
1888,62.99626666666666,unknown,True,forward,True,False,False,none
1889,63.02963333333334,unknown,True,forward,True,False,False,none
1890,63.063,unknown,True,forward,True,False,False,none
1891,63.09636666666667,unknown,True,unknown,True,False,False,none
1892,63.12973333333333,unknown,True,unknown,True,False,False,none
1893,63.1631,unknown,True,unknown,True,False,False,none
1894,63.196466666666666,unknown,True,unknown,True,False,False,none
1895,63.22983333333333,unknown,True,unknown,True,False,False,none
1896,63.2632,unknown,True,unknown,True,False,False,none
1897,63.29656666666666,unknown,True,unknown,True,False,False,none
1898,63.32993333333334,unknown,True,unknown,True,False,False,none
1899,63.3633,unknown,True,unknown,True,False,False,none
1900,63.39666666666667,unknown,True,unknown,True,False,False,none
1901,63.43003333333333,unknown,True,unknown,True,False,False,none
1902,63.4634,unknown,True,unknown,True,False,False,none
1903,63.496766666666666,unknown,True,unknown,True,False,False,none
1904,63.53013333333333,unknown,True,unknown,True,False,False,none
1905,63.5635,unknown,True,unknown,True,False,False,none
1906,63.59686666666666,unknown,True,unknown,True,False,False,none
1907,63.63023333333334,unknown,True,unknown,True,False,False,none
1908,63.6636,unknown,True,unknown,True,False,False,none
1909,63.69696666666667,unknown,True,unknown,True,False,False,none
1910,63.73033333333333,unknown,True,unknown,True,False,False,none
1911,63.7637,unknown,True,unknown,True,False,False,none
1912,63.797066666666666,unknown,True,unknown,True,False,False,none
1913,63.83043333333333,unknown,True,unknown,True,False,False,none
1914,63.8638,unknown,True,unknown,True,False,False,none
1915,63.89716666666666,unknown,True,unknown,True,False,False,none
1916,63.93053333333334,unknown,True,forward,True,False,False,none
1917,63.9639,unknown,True,forward,True,False,False,none
1918,63.99726666666667,unknown,True,forward,True,False,False,none
1919,64.03063333333333,unknown,True,forward,True,False,False,none
1920,64.064,unknown,True,forward,True,False,False,none
1921,64.09736666666667,unknown,True,forward,True,False,False,none
1922,64.13073333333334,unknown,True,forward,True,False,False,none
1923,64.1641,unknown,True,forward,True,False,False,none
1924,64.19746666666667,unknown,True,forward,True,False,False,none
1925,64.23083333333334,unknown,True,forward,True,False,False,none
1926,64.2642,unknown,True,unknown,True,False,False,none
1927,64.29756666666667,unknown,True,unknown,True,False,False,none
1928,64.33093333333333,unknown,True,unknown,True,False,False,none
1929,64.3643,unknown,True,forward,True,False,False,none
1930,64.39766666666667,unknown,True,forward,True,False,False,none
1931,64.43103333333333,unknown,True,unknown,True,False,False,none
1932,64.4644,unknown,True,unknown,True,False,False,none
1933,64.49776666666666,unknown,True,unknown,True,False,False,none
1934,64.53113333333333,unknown,True,unknown,True,False,False,none
1935,64.5645,unknown,True,unknown,True,False,False,none
1936,64.59786666666666,unknown,True,unknown,True,False,False,none
1937,64.63123333333333,unknown,True,unknown,True,False,False,none
1938,64.6646,unknown,True,unknown,True,False,False,none
1939,64.69796666666667,unknown,True,unknown,True,False,False,none
1940,64.73133333333334,unknown,True,unknown,True,False,False,none
1941,64.7647,unknown,True,forward,True,False,False,none
1942,64.79806666666667,unknown,True,unknown,True,False,False,none
1943,64.83143333333334,unknown,True,unknown,True,False,False,none
1944,64.8648,unknown,True,unknown,True,False,False,none
1945,64.89816666666667,unknown,True,forward,True,False,False,none
1946,64.93153333333333,unknown,True,forward,True,False,False,none
1947,64.9649,unknown,True,unknown,True,False,False,none
1948,64.99826666666667,unknown,True,forward,True,False,False,none
1949,65.03163333333333,unknown,True,forward,True,False,False,none
1950,65.065,unknown,True,unknown,True,False,False,none
1951,65.09836666666666,unknown,True,unknown,True,False,False,none
1952,65.13173333333333,unknown,True,forward,True,False,False,none
1953,65.1651,unknown,True,unknown,True,False,False,none
1954,65.19846666666666,unknown,True,forward,True,False,False,none
1955,65.23183333333333,unknown,True,forward,True,False,False,none
1956,65.2652,unknown,True,forward,True,False,False,none
1957,65.29856666666667,unknown,True,forward,True,False,False,none
1958,65.33193333333334,unknown,True,forward,True,False,False,none
1959,65.3653,unknown,True,forward,True,False,False,none
1960,65.39866666666667,unknown,True,unknown,True,False,False,none
1961,65.43203333333334,unknown,True,unknown,True,False,False,none
1962,65.4654,unknown,True,unknown,True,False,False,none
1963,65.49876666666667,unknown,True,unknown,True,False,False,none
1964,65.53213333333333,unknown,True,unknown,True,False,False,none
1965,65.5655,unknown,True,unknown,True,False,False,none
1966,65.59886666666667,unknown,True,unknown,True,False,False,none
1967,65.63223333333333,unknown,True,unknown,True,False,False,none
1968,65.6656,unknown,True,unknown,True,False,False,none
1969,65.69896666666666,unknown,True,unknown,True,False,False,none
1970,65.73233333333333,unknown,True,downward,True,False,False,none
1971,65.7657,unknown,True,unknown,True,False,False,none
1972,65.79906666666666,unknown,True,downward,True,False,False,none
1973,65.83243333333333,unknown,True,unknown,True,False,False,none
1974,65.8658,unknown,True,unknown,True,False,False,none
1975,65.89916666666667,unknown,True,unknown,True,False,False,none
1976,65.93253333333334,downward,True,unknown,True,False,False,none
1977,65.9659,unknown,True,unknown,True,False,False,none
1978,65.99926666666667,unknown,True,unknown,True,False,False,none
1979,66.03263333333334,unknown,True,unknown,True,False,False,none
1980,66.066,unknown,True,unknown,True,False,False,none
1981,66.09936666666667,unknown,True,unknown,True,False,False,none
1982,66.13273333333333,unknown,True,unknown,True,False,False,none
1983,66.1661,forward,True,unknown,True,False,False,none
1984,66.19946666666667,unknown,True,unknown,True,False,False,none
1985,66.23283333333333,unknown,True,unknown,True,False,False,none
1986,66.2662,unknown,True,unknown,True,False,False,none
1987,66.29956666666666,unknown,True,unknown,True,False,False,none
1988,66.33293333333333,unknown,True,unknown,True,False,False,none
1989,66.3663,unknown,True,unknown,True,False,False,none
1990,66.39966666666666,unknown,True,unknown,True,False,False,none
1991,66.43303333333333,unknown,True,unknown,True,False,False,none
1992,66.4664,unknown,True,unknown,True,False,False,none
1993,66.49976666666667,forward,True,unknown,True,False,False,none
1994,66.53313333333334,forward,True,unknown,True,False,False,none
1995,66.5665,forward,True,unknown,True,False,False,none
1996,66.59986666666667,forward,True,unknown,True,False,False,none
1997,66.63323333333334,forward,True,unknown,True,False,False,none
1998,66.6666,forward,True,unknown,True,False,False,none
1999,66.69996666666667,forward,True,unknown,True,False,False,none
2000,66.73333333333333,forward,True,unknown,True,False,False,none
2001,66.7667,forward,True,unknown,True,False,False,none
2002,66.80006666666667,forward,True,unknown,True,False,False,none
2003,66.83343333333333,forward,True,unknown,True,False,False,none
2004,66.8668,forward,True,unknown,True,False,False,none
2005,66.90016666666666,forward,True,unknown,True,False,False,none
2006,66.93353333333333,forward,True,unknown,True,False,False,none
2007,66.9669,forward,True,unknown,True,False,False,none
2008,67.00026666666666,forward,True,unknown,True,False,False,none
2009,67.03363333333333,forward,True,unknown,True,False,False,none
2010,67.067,forward,True,unknown,True,False,False,none
2011,67.10036666666667,forward,True,unknown,True,False,False,none
2012,67.13373333333334,forward,True,unknown,False,False,False,none
2013,67.1671,forward,True,unknown,False,False,False,none
2014,67.20046666666667,forward,True,unknown,True,False,False,none
2015,67.23383333333334,forward,True,unknown,True,False,False,none
2016,67.2672,forward,True,unknown,True,False,False,none
2017,67.30056666666667,forward,True,unknown,True,False,False,none
2018,67.33393333333333,forward,True,unknown,True,False,False,none
2019,67.3673,forward,True,unknown,True,False,False,none
2020,67.40066666666667,forward,True,unknown,True,False,False,none
2021,67.43403333333333,forward,True,unknown,True,False,False,none
2022,67.4674,forward,True,unknown,True,False,False,none
2023,67.50076666666666,forward,True,unknown,True,False,False,none
2024,67.53413333333333,forward,True,unknown,True,False,False,none
2025,67.5675,forward,True,unknown,True,False,False,none
2026,67.60086666666666,forward,True,unknown,True,False,False,none
2027,67.63423333333333,unknown,True,unknown,True,False,False,none
2028,67.6676,unknown,True,forward,True,False,False,none
2029,67.70096666666667,unknown,True,forward,True,False,False,none
2030,67.73433333333334,unknown,True,forward,True,False,False,none
2031,67.7677,unknown,True,unknown,True,False,False,none
2032,67.80106666666667,unknown,True,unknown,True,False,False,none
2033,67.83443333333334,unknown,True,unknown,True,False,False,none
2034,67.8678,unknown,True,unknown,True,False,False,none
2035,67.90116666666667,unknown,True,unknown,True,False,False,none
2036,67.93453333333333,unknown,True,unknown,True,False,False,none
2037,67.9679,unknown,True,unknown,True,False,False,none
2038,68.00126666666667,unknown,True,forward,True,False,False,none
2039,68.03463333333333,unknown,True,forward,True,False,False,none
2040,68.068,unknown,True,unknown,True,False,False,none
2041,68.10136666666666,unknown,True,forward,True,False,False,none
2042,68.13473333333333,unknown,True,forward,True,False,False,none
2043,68.1681,unknown,True,forward,True,False,False,none
2044,68.20146666666666,unknown,True,unknown,True,False,False,none
2045,68.23483333333333,unknown,True,unknown,True,False,False,none
2046,68.2682,unknown,True,forward,True,False,False,none
2047,68.30156666666667,unknown,True,forward,True,False,False,none
2048,68.33493333333334,unknown,True,unknown,True,False,False,none
2049,68.3683,unknown,True,forward,True,False,False,none
2050,68.40166666666667,unknown,True,unknown,True,False,False,none
2051,68.43503333333334,unknown,True,unknown,True,False,False,none
2052,68.4684,unknown,True,unknown,True,False,False,none
2053,68.50176666666667,unknown,True,forward,True,False,False,none
2054,68.53513333333333,unknown,True,forward,True,False,False,none
2055,68.5685,unknown,True,forward,True,False,False,none
2056,68.60186666666667,unknown,True,forward,True,False,False,none
2057,68.63523333333333,unknown,True,forward,True,False,False,none
2058,68.6686,unknown,True,forward,True,False,False,none
2059,68.70196666666666,unknown,True,forward,True,False,False,none
2060,68.73533333333333,unknown,True,forward,True,False,False,none
2061,68.7687,unknown,True,forward,True,False,False,none
2062,68.80206666666666,unknown,True,forward,True,False,False,none
2063,68.83543333333333,unknown,True,forward,True,False,False,none
2064,68.8688,unknown,True,forward,True,False,False,none
2065,68.90216666666667,unknown,True,forward,True,False,False,none
2066,68.93553333333334,unknown,True,unknown,True,False,False,none
2067,68.9689,unknown,True,forward,True,False,False,none
2068,69.00226666666667,unknown,True,unknown,True,False,False,none
2069,69.03563333333334,unknown,True,forward,True,False,False,none
2070,69.069,unknown,True,forward,True,False,False,none
2071,69.10236666666667,unknown,True,unknown,True,False,False,none
2072,69.13573333333333,unknown,True,forward,True,False,False,none
2073,69.1691,unknown,True,forward,True,False,False,none
2074,69.20246666666667,unknown,True,forward,True,False,False,none
2075,69.23583333333333,unknown,True,forward,True,False,False,none
2076,69.2692,unknown,True,unknown,True,False,False,none
2077,69.30256666666666,unknown,True,forward,True,False,False,none
2078,69.33593333333333,unknown,True,forward,True,False,False,none
2079,69.3693,unknown,True,forward,True,False,False,none
2080,69.40266666666666,unknown,True,forward,True,False,False,none
2081,69.43603333333333,unknown,True,forward,True,False,False,none
2082,69.4694,unknown,True,forward,True,False,False,none
2083,69.50276666666667,unknown,True,forward,True,False,False,none
2084,69.53613333333334,unknown,True,forward,True,False,False,none
2085,69.5695,unknown,True,forward,True,False,False,none
2086,69.60286666666667,unknown,True,forward,True,False,False,none
2087,69.63623333333334,unknown,True,forward,True,False,False,none
2088,69.6696,unknown,True,forward,True,False,False,none
2089,69.70296666666667,unknown,True,forward,True,False,False,none
2090,69.73633333333333,unknown,True,forward,True,False,False,none
2091,69.7697,unknown,True,forward,True,False,False,none
2092,69.80306666666667,unknown,True,forward,True,False,False,none
2093,69.83643333333333,unknown,True,forward,True,False,False,none
2094,69.8698,downward,True,forward,True,False,False,none
2095,69.90316666666666,unknown,True,forward,True,False,False,none
2096,69.93653333333333,unknown,True,forward,True,False,False,none
2097,69.9699,unknown,True,forward,True,False,False,none
2098,70.00326666666666,unknown,True,forward,True,False,False,none
2099,70.03663333333333,unknown,True,forward,True,False,False,none
2100,70.07,unknown,True,forward,True,False,False,none
2101,70.10336666666667,unknown,True,forward,True,False,False,none
2102,70.13673333333334,unknown,True,forward,True,False,False,none
2103,70.1701,unknown,True,unknown,True,False,False,none
2104,70.20346666666667,unknown,True,unknown,True,False,False,none
2105,70.23683333333334,unknown,True,unknown,True,False,False,none
2106,70.2702,unknown,True,unknown,True,False,False,none
2107,70.30356666666667,unknown,True,unknown,True,False,False,none
2108,70.33693333333333,unknown,True,unknown,True,False,False,none
2109,70.3703,unknown,True,unknown,True,False,False,none
2110,70.40366666666667,unknown,True,unknown,True,False,False,none
2111,70.43703333333333,unknown,True,unknown,True,False,False,none
2112,70.4704,unknown,True,unknown,True,False,False,none
2113,70.50376666666666,unknown,True,unknown,True,False,False,none
2114,70.53713333333333,unknown,True,unknown,True,False,False,none
2115,70.5705,unknown,True,unknown,True,False,False,none
2116,70.60386666666666,unknown,True,unknown,True,False,False,none
2117,70.63723333333333,unknown,True,forward,True,False,False,none
2118,70.6706,unknown,True,forward,True,False,False,none
2119,70.70396666666667,unknown,True,forward,True,False,False,none
2120,70.73733333333334,unknown,True,forward,True,False,False,none
2121,70.7707,unknown,True,forward,True,False,False,none
2122,70.80406666666667,unknown,True,forward,True,False,False,none
2123,70.83743333333334,unknown,True,unknown,True,False,False,none
2124,70.8708,unknown,True,unknown,True,False,False,none
2125,70.90416666666667,unknown,True,unknown,True,False,False,none
2126,70.93753333333333,unknown,True,unknown,True,False,False,none
2127,70.9709,unknown,True,unknown,True,False,False,none
2128,71.00426666666667,unknown,True,unknown,True,False,False,none
2129,71.03763333333333,forward,True,unknown,True,False,False,none
2130,71.071,forward,True,unknown,True,False,False,none
2131,71.10436666666666,forward,True,downward,True,False,False,none
2132,71.13773333333333,forward,True,forward,True,False,False,none
2133,71.1711,forward,True,forward,True,False,False,none
2134,71.20446666666666,forward,True,unknown,True,False,False,none
2135,71.23783333333333,forward,True,forward,True,False,False,none
2136,71.2712,forward,True,forward,True,False,False,none
2137,71.30456666666667,forward,True,forward,True,False,False,none
2138,71.33793333333334,forward,True,forward,True,False,False,none
2139,71.3713,forward,True,unknown,True,False,False,none
2140,71.40466666666667,forward,True,forward,True,False,False,none
2141,71.43803333333334,forward,True,unknown,True,False,False,none
2142,71.4714,forward,True,unknown,True,False,False,none
2143,71.50476666666667,forward,True,unknown,True,False,False,none
2144,71.53813333333333,forward,True,unknown,True,False,False,none
2145,71.5715,forward,True,unknown,True,False,False,none
2146,71.60486666666667,forward,True,unknown,True,False,False,none
2147,71.63823333333333,forward,True,unknown,True,False,False,none
2148,71.6716,forward,True,unknown,True,False,False,none
2149,71.70496666666666,forward,True,unknown,False,False,False,none
2150,71.73833333333333,forward,True,unknown,True,False,False,none
2151,71.7717,forward,True,unknown,True,False,False,none
2152,71.80506666666666,forward,True,unknown,True,False,False,none
2153,71.83843333333333,forward,True,unknown,False,False,False,none
2154,71.8718,forward,True,unknown,True,False,False,none
2155,71.90516666666667,forward,True,downward,True,False,False,none
2156,71.93853333333334,forward,True,unknown,True,False,False,none
2157,71.9719,forward,True,unknown,False,False,False,none
2158,72.00526666666667,forward,True,unknown,False,False,False,none
2159,72.03863333333334,forward,True,unknown,False,False,False,none
2160,72.072,forward,True,downward,True,False,False,none
2161,72.10536666666667,forward,True,unknown,True,False,False,none
2162,72.13873333333333,forward,True,unknown,False,False,False,none
2163,72.1721,forward,True,unknown,True,False,False,none
2164,72.20546666666667,forward,True,unknown,False,False,False,none
2165,72.23883333333333,forward,True,unknown,False,False,False,none
2166,72.2722,forward,True,downward,True,False,False,none
2167,72.30556666666666,forward,True,unknown,True,False,False,none
2168,72.33893333333333,forward,True,unknown,True,False,False,none
2169,72.3723,forward,True,unknown,True,False,False,none
2170,72.40566666666666,forward,True,unknown,True,False,False,none
2171,72.43903333333333,forward,True,unknown,True,False,False,none
2172,72.4724,forward,True,unknown,True,False,False,none
2173,72.50576666666667,forward,True,unknown,True,False,False,none
2174,72.53913333333334,forward,True,unknown,True,False,False,none
2175,72.5725,forward,True,unknown,True,False,False,none
2176,72.60586666666667,forward,True,unknown,True,False,False,none
2177,72.63923333333334,forward,True,unknown,True,False,False,none
2178,72.6726,forward,True,unknown,True,False,False,none
2179,72.70596666666667,forward,True,unknown,True,False,False,none
2180,72.73933333333333,forward,True,unknown,True,False,False,none
2181,72.7727,forward,True,unknown,True,False,False,none
2182,72.80606666666667,forward,True,unknown,True,False,False,none
2183,72.83943333333333,forward,True,unknown,True,False,False,none
2184,72.8728,forward,True,unknown,True,False,False,none
2185,72.90616666666666,forward,True,unknown,True,False,False,none
2186,72.93953333333333,unknown,True,unknown,True,False,False,none
2187,72.9729,unknown,True,unknown,True,False,False,none
2188,73.00626666666666,unknown,True,unknown,True,False,False,none
2189,73.03963333333333,unknown,True,unknown,True,False,False,none
2190,73.073,unknown,True,unknown,True,False,False,none
2191,73.10636666666667,unknown,True,unknown,True,False,False,none
2192,73.13973333333334,unknown,True,unknown,True,False,False,none
2193,73.1731,unknown,True,unknown,True,False,False,none
2194,73.20646666666667,unknown,True,unknown,True,False,False,none
2195,73.23983333333334,unknown,True,unknown,True,False,False,none
2196,73.2732,unknown,True,unknown,True,False,False,none
2197,73.30656666666667,unknown,True,unknown,True,False,False,none
2198,73.33993333333333,unknown,True,unknown,True,False,False,none
2199,73.3733,unknown,True,unknown,True,False,False,none
2200,73.40666666666667,unknown,True,unknown,True,False,False,none
2201,73.44003333333333,unknown,True,unknown,True,False,False,none
2202,73.4734,unknown,True,unknown,True,False,False,none
2203,73.50676666666666,unknown,True,unknown,True,False,False,none
2204,73.54013333333333,unknown,True,downward,True,False,False,none
2205,73.5735,unknown,True,unknown,True,False,False,none
2206,73.60686666666666,unknown,True,unknown,True,False,False,none
2207,73.64023333333333,unknown,True,unknown,True,False,False,none
2208,73.6736,unknown,True,unknown,True,False,False,none
2209,73.70696666666667,unknown,True,downward,True,False,False,none
2210,73.74033333333334,unknown,True,unknown,True,False,False,none
2211,73.7737,unknown,True,forward,True,False,False,none
2212,73.80706666666667,unknown,True,downward,True,False,False,none
2213,73.84043333333334,unknown,True,unknown,True,False,False,none
2214,73.8738,unknown,True,downward,True,False,False,none
2215,73.90716666666667,unknown,True,downward,True,False,False,none
2216,73.94053333333333,unknown,True,unknown,True,False,False,none
2217,73.9739,unknown,True,unknown,True,False,False,none
2218,74.00726666666667,unknown,True,forward,True,False,False,none
2219,74.04063333333333,unknown,True,unknown,True,False,False,none
2220,74.074,unknown,True,unknown,True,False,False,none
2221,74.10736666666666,unknown,True,downward,True,False,False,none
2222,74.14073333333333,unknown,True,downward,True,False,False,none
2223,74.1741,unknown,True,unknown,True,False,False,none
2224,74.20746666666666,unknown,True,unknown,True,False,False,none
2225,74.24083333333333,unknown,True,downward,True,False,False,none
2226,74.2742,unknown,True,unknown,True,False,False,none
2227,74.30756666666667,unknown,True,unknown,True,False,False,none
2228,74.34093333333334,unknown,True,unknown,True,False,False,none
2229,74.3743,unknown,True,unknown,True,False,False,none
2230,74.40766666666667,unknown,True,unknown,True,False,False,none
2231,74.44103333333334,unknown,True,unknown,True,False,False,none
2232,74.4744,unknown,True,unknown,True,False,False,none
2233,74.50776666666667,unknown,True,unknown,True,False,False,none
2234,74.54113333333333,unknown,True,unknown,True,False,False,none
2235,74.5745,unknown,True,downward,True,False,False,none
2236,74.60786666666667,unknown,True,unknown,True,False,False,none
2237,74.64123333333333,unknown,True,unknown,True,False,False,none
2238,74.6746,unknown,True,unknown,True,False,False,none
2239,74.70796666666666,unknown,True,downward,True,False,False,none
2240,74.74133333333333,unknown,True,unknown,True,False,False,none
2241,74.7747,unknown,True,unknown,True,False,False,none
2242,74.80806666666666,unknown,True,unknown,True,False,False,none
2243,74.84143333333333,unknown,True,unknown,True,False,False,none
2244,74.8748,unknown,True,downward,True,False,False,none
2245,74.90816666666667,unknown,True,unknown,True,False,False,none
2246,74.94153333333334,unknown,True,unknown,True,False,False,none
2247,74.9749,unknown,True,unknown,True,False,False,none
2248,75.00826666666667,unknown,True,unknown,True,False,False,none
2249,75.04163333333334,unknown,True,unknown,True,False,False,none
2250,75.075,unknown,True,unknown,True,False,False,none
2251,75.10836666666667,unknown,True,unknown,True,False,False,none
2252,75.14173333333333,unknown,True,downward,True,False,False,none
2253,75.1751,unknown,True,downward,True,False,False,none
2254,75.20846666666667,unknown,True,unknown,True,False,False,none
2255,75.24183333333333,unknown,True,downward,True,False,False,none
2256,75.2752,unknown,True,downward,True,False,False,none
2257,75.30856666666666,unknown,True,downward,True,False,False,none
2258,75.34193333333333,unknown,True,downward,True,False,False,none
2259,75.3753,unknown,True,downward,True,False,False,none
2260,75.40866666666666,unknown,True,downward,True,False,False,none
2261,75.44203333333333,unknown,True,downward,True,False,False,none
2262,75.4754,unknown,True,downward,True,False,False,none
2263,75.50876666666667,unknown,True,unknown,True,False,False,none
2264,75.54213333333334,unknown,True,downward,True,False,False,none
2265,75.5755,unknown,True,downward,True,False,False,none
2266,75.60886666666667,unknown,True,downward,True,False,False,none
2267,75.64223333333334,unknown,True,downward,True,False,False,none
2268,75.6756,unknown,True,downward,True,False,False,none
2269,75.70896666666667,unknown,True,unknown,True,False,False,none
2270,75.74233333333333,unknown,True,unknown,True,False,False,none
2271,75.7757,unknown,True,unknown,True,False,False,none
2272,75.80906666666667,unknown,True,unknown,True,False,False,none
2273,75.84243333333333,unknown,True,unknown,True,False,False,none
2274,75.8758,unknown,True,unknown,True,False,False,none
2275,75.90916666666666,unknown,True,downward,True,False,False,none
2276,75.94253333333333,unknown,True,unknown,True,False,False,none
2277,75.9759,unknown,True,unknown,True,False,False,none
2278,76.00926666666666,unknown,True,unknown,True,False,False,none
2279,76.04263333333333,unknown,True,unknown,True,False,False,none
2280,76.076,unknown,True,downward,True,False,False,none
2281,76.10936666666667,unknown,True,downward,True,False,False,none
2282,76.14273333333334,unknown,True,unknown,True,False,False,none
2283,76.1761,unknown,True,unknown,True,False,False,none
2284,76.20946666666667,unknown,True,downward,True,False,False,none
2285,76.24283333333334,unknown,True,unknown,True,False,False,none
2286,76.2762,unknown,True,downward,True,False,False,none
2287,76.30956666666667,unknown,True,unknown,True,False,False,none
2288,76.34293333333333,unknown,True,unknown,True,False,False,none
2289,76.3763,unknown,True,unknown,True,False,False,none
2290,76.40966666666667,unknown,True,downward,True,False,False,none
2291,76.44303333333333,unknown,True,downward,True,False,False,none
2292,76.4764,unknown,True,downward,True,False,False,none
2293,76.50976666666666,unknown,True,downward,True,False,False,none
2294,76.54313333333333,forward,True,unknown,True,False,False,none
2295,76.5765,forward,True,unknown,True,False,False,none
2296,76.60986666666666,forward,True,unknown,True,False,False,none
2297,76.64323333333333,forward,True,downward,True,False,False,none
2298,76.6766,forward,True,unknown,True,False,False,none
2299,76.70996666666667,forward,True,unknown,True,False,False,none
2300,76.74333333333334,forward,True,downward,True,False,False,none
2301,76.7767,forward,True,downward,True,False,False,none
2302,76.81006666666667,forward,True,unknown,True,False,False,none
2303,76.84343333333334,forward,True,downward,True,False,False,none
2304,76.8768,forward,True,unknown,True,False,False,none
2305,76.91016666666667,forward,True,downward,True,False,False,none
2306,76.94353333333333,forward,True,downward,True,False,False,none
2307,76.9769,forward,True,downward,True,False,False,none
2308,77.01026666666667,forward,True,unknown,True,False,False,none
2309,77.04363333333333,forward,True,downward,True,False,False,none
2310,77.077,forward,True,unknown,True,False,False,none
2311,77.11036666666666,forward,True,downward,True,False,False,none
2312,77.14373333333333,unknown,True,unknown,True,False,False,none
2313,77.1771,unknown,True,unknown,True,False,False,none
2314,77.21046666666666,unknown,True,unknown,True,False,False,none
2315,77.24383333333333,forward,True,unknown,True,False,False,none
2316,77.2772,unknown,True,downward,True,False,False,none
2317,77.31056666666667,unknown,True,unknown,True,False,False,none
2318,77.34393333333334,forward,True,unknown,True,False,False,none
2319,77.3773,unknown,True,downward,True,False,False,none
2320,77.41066666666667,unknown,True,unknown,True,False,False,none
2321,77.44403333333334,unknown,True,unknown,True,False,False,none
2322,77.4774,unknown,True,unknown,True,False,False,none
2323,77.51076666666667,unknown,True,unknown,True,False,False,none
2324,77.54413333333333,unknown,True,downward,True,False,False,none
2325,77.5775,forward,True,unknown,True,False,False,none
2326,77.61086666666667,unknown,True,unknown,True,False,False,none
2327,77.64423333333333,unknown,True,unknown,True,False,False,none
2328,77.6776,unknown,True,unknown,True,False,False,none
2329,77.71096666666666,unknown,True,downward,True,False,False,none
2330,77.74433333333333,forward,True,unknown,True,False,False,none
2331,77.7777,forward,True,downward,True,False,False,none
2332,77.81106666666666,forward,True,unknown,True,False,False,none
2333,77.84443333333333,forward,True,unknown,True,False,False,none
2334,77.8778,forward,True,unknown,True,False,False,none
2335,77.91116666666667,forward,True,downward,True,False,False,none
2336,77.94453333333334,forward,True,downward,True,False,False,none
2337,77.9779,forward,True,downward,True,False,False,none
2338,78.01126666666667,forward,True,downward,True,False,False,none
2339,78.04463333333334,forward,True,unknown,True,False,False,none
2340,78.078,forward,True,unknown,True,False,False,none
2341,78.11136666666667,forward,True,downward,True,False,False,none
2342,78.14473333333333,forward,True,unknown,True,False,False,none
2343,78.1781,forward,True,unknown,True,False,False,none
2344,78.21146666666667,forward,True,unknown,True,False,False,none
2345,78.24483333333333,unknown,True,unknown,True,False,False,none
2346,78.2782,unknown,True,unknown,True,False,False,none
2347,78.31156666666666,unknown,True,unknown,True,False,False,none
2348,78.34493333333333,unknown,True,downward,True,False,False,none
2349,78.3783,unknown,True,unknown,True,False,False,none
2350,78.41166666666666,unknown,True,unknown,True,False,False,none
2351,78.44503333333333,unknown,True,unknown,True,False,False,none
2352,78.4784,unknown,True,unknown,True,False,False,none
2353,78.51176666666667,unknown,True,unknown,True,False,False,none
2354,78.54513333333334,unknown,True,forward,True,False,False,none
2355,78.5785,unknown,True,forward,True,False,False,none
2356,78.61186666666667,unknown,True,forward,True,False,False,none
2357,78.64523333333334,unknown,True,forward,True,False,False,none
2358,78.6786,unknown,True,forward,True,False,False,none
2359,78.71196666666667,unknown,True,forward,True,False,False,none
2360,78.74533333333333,unknown,True,forward,True,False,False,none
2361,78.7787,forward,True,forward,True,False,False,none
2362,78.81206666666667,unknown,True,forward,True,False,False,none
2363,78.84543333333333,forward,True,forward,True,False,False,none
2364,78.8788,forward,True,forward,True,False,False,none
2365,78.91216666666666,forward,True,forward,True,False,False,none
2366,78.94553333333333,forward,True,forward,True,False,False,none
2367,78.9789,forward,True,forward,True,False,False,none
2368,79.01226666666666,forward,True,forward,True,False,False,none
2369,79.04563333333333,forward,True,forward,True,False,False,none
2370,79.079,forward,True,forward,True,False,False,none
2371,79.11236666666667,forward,True,forward,True,False,False,none
2372,79.14573333333334,forward,True,forward,True,False,False,none
2373,79.1791,forward,True,forward,True,False,False,none
2374,79.21246666666667,forward,True,forward,True,False,False,none
2375,79.24583333333334,forward,True,forward,True,False,False,none
2376,79.2792,forward,True,forward,True,False,False,none
2377,79.31256666666667,forward,True,forward,True,False,False,none
2378,79.34593333333333,forward,True,forward,True,False,False,none
2379,79.3793,forward,True,forward,True,False,False,none
2380,79.41266666666667,forward,True,forward,True,False,False,none
2381,79.44603333333333,forward,True,forward,True,False,False,none
2382,79.4794,forward,True,forward,True,False,False,none
2383,79.51276666666666,forward,True,forward,True,False,False,none
2384,79.54613333333333,forward,True,forward,True,False,False,none
2385,79.5795,forward,True,forward,True,False,False,none
2386,79.61286666666666,forward,True,forward,True,False,False,none
2387,79.64623333333333,forward,True,forward,True,False,False,none
2388,79.6796,forward,True,forward,True,False,False,none
2389,79.71296666666667,forward,True,forward,True,False,False,none
2390,79.74633333333334,forward,True,forward,True,False,False,none
2391,79.7797,forward,True,forward,True,False,False,none
2392,79.81306666666667,forward,True,forward,True,False,False,none
2393,79.84643333333334,forward,True,forward,True,False,False,none
2394,79.8798,forward,True,unknown,True,False,False,none
2395,79.91316666666667,forward,True,unknown,True,False,False,none
2396,79.94653333333333,forward,True,unknown,True,False,False,none
2397,79.9799,forward,True,unknown,True,False,False,none
2398,80.01326666666667,forward,True,unknown,True,False,False,none
2399,80.04663333333333,forward,True,unknown,True,False,False,none
2400,80.08,forward,True,unknown,True,False,False,none
2401,80.11336666666666,forward,True,unknown,True,False,False,none
2402,80.14673333333333,forward,True,unknown,True,False,False,none
2403,80.1801,forward,True,unknown,True,False,False,none
2404,80.21346666666666,forward,True,unknown,True,False,False,none
2405,80.24683333333333,forward,True,forward,True,False,False,none
2406,80.2802,forward,True,forward,True,False,False,none
2407,80.31356666666667,forward,True,forward,True,False,False,none
2408,80.34693333333334,forward,True,forward,True,False,False,none
2409,80.3803,forward,True,forward,True,False,False,none
2410,80.41366666666667,unknown,True,forward,True,False,False,none
2411,80.44703333333334,unknown,True,forward,True,False,False,none
2412,80.4804,unknown,True,forward,True,False,False,none
2413,80.51376666666667,unknown,True,unknown,True,False,False,none
2414,80.54713333333333,unknown,True,forward,True,False,False,none
2415,80.5805,unknown,True,forward,True,False,False,none
2416,80.61386666666667,unknown,True,forward,True,False,False,none
2417,80.64723333333333,unknown,True,unknown,True,False,False,none
2418,80.6806,unknown,True,unknown,True,False,False,none
2419,80.71396666666666,unknown,True,unknown,True,False,False,none
2420,80.74733333333333,unknown,True,unknown,True,False,False,none
2421,80.7807,unknown,True,unknown,True,False,False,none
2422,80.81406666666666,unknown,True,unknown,True,False,False,none
2423,80.84743333333333,unknown,True,unknown,True,False,False,none
2424,80.8808,unknown,True,unknown,True,False,False,none
2425,80.91416666666667,unknown,True,unknown,True,False,False,none
2426,80.94753333333334,unknown,True,unknown,True,False,False,none
2427,80.9809,unknown,True,unknown,True,False,False,none
2428,81.01426666666667,unknown,True,unknown,True,False,False,none
2429,81.04763333333334,unknown,True,unknown,True,False,False,none
2430,81.081,unknown,True,unknown,True,False,False,none
2431,81.11436666666667,unknown,True,unknown,True,False,False,none
2432,81.14773333333333,unknown,True,forward,True,False,False,none
2433,81.1811,unknown,True,forward,True,False,False,none
2434,81.21446666666667,unknown,True,forward,True,False,False,none
2435,81.24783333333333,unknown,True,unknown,True,False,False,none
2436,81.2812,unknown,True,unknown,True,False,False,none
2437,81.31456666666666,unknown,True,unknown,True,False,False,none
2438,81.34793333333333,unknown,True,unknown,True,False,False,none
2439,81.3813,unknown,True,unknown,True,False,False,none
2440,81.41466666666666,unknown,True,unknown,False,False,False,none
2441,81.44803333333333,unknown,True,unknown,True,False,False,none
2442,81.4814,unknown,True,unknown,True,False,False,none
2443,81.51476666666667,unknown,True,unknown,True,False,False,none
2444,81.54813333333334,unknown,True,unknown,True,False,False,none
2445,81.5815,unknown,True,unknown,True,False,False,none
2446,81.61486666666667,unknown,True,unknown,True,False,False,none
2447,81.64823333333334,unknown,True,unknown,True,False,False,none
2448,81.6816,unknown,True,unknown,True,False,False,none
2449,81.71496666666667,unknown,True,unknown,True,False,False,none
2450,81.74833333333333,unknown,True,unknown,True,False,False,none
2451,81.7817,unknown,True,downward,True,False,False,none
2452,81.81506666666667,unknown,True,unknown,True,False,False,none
2453,81.84843333333333,unknown,True,downward,True,False,False,none
2454,81.8818,unknown,True,downward,True,False,False,none
2455,81.91516666666666,unknown,True,downward,True,False,False,none
2456,81.94853333333333,unknown,True,unknown,True,False,False,none
2457,81.9819,unknown,True,downward,True,False,False,none
2458,82.01526666666666,unknown,True,unknown,True,False,False,none
2459,82.04863333333333,unknown,True,unknown,True,False,False,none
2460,82.082,unknown,True,unknown,True,False,False,none
2461,82.11536666666667,unknown,True,unknown,True,False,False,none
2462,82.14873333333334,unknown,True,downward,True,False,False,none
2463,82.1821,unknown,True,unknown,True,False,False,none
2464,82.21546666666667,unknown,True,unknown,True,False,False,none
2465,82.24883333333334,unknown,True,unknown,True,False,False,none
2466,82.2822,unknown,True,unknown,True,False,False,none
2467,82.31556666666667,unknown,True,unknown,True,False,False,none
2468,82.34893333333333,unknown,True,unknown,True,False,False,none
2469,82.3823,unknown,True,downward,True,False,False,none
2470,82.41566666666667,unknown,True,unknown,True,False,False,none
2471,82.44903333333333,unknown,True,unknown,True,False,False,none
2472,82.4824,unknown,True,unknown,True,False,False,none
2473,82.51576666666666,unknown,True,downward,True,False,False,none
2474,82.54913333333333,unknown,True,unknown,True,False,False,none
2475,82.5825,unknown,True,downward,True,False,False,none
2476,82.61586666666666,unknown,True,unknown,True,False,False,none
2477,82.64923333333333,unknown,True,unknown,True,False,False,none
2478,82.6826,unknown,True,unknown,True,False,False,none
2479,82.71596666666667,unknown,True,unknown,True,False,False,none
2480,82.74933333333334,unknown,True,unknown,True,False,False,none
2481,82.7827,unknown,True,unknown,True,False,False,none
2482,82.81606666666667,unknown,True,unknown,True,False,False,none
2483,82.84943333333334,unknown,True,downward,True,False,False,none
2484,82.8828,unknown,True,unknown,True,False,False,none
2485,82.91616666666667,unknown,True,unknown,True,False,False,none
2486,82.94953333333333,unknown,True,unknown,True,False,False,none
2487,82.9829,unknown,True,unknown,True,False,False,none
2488,83.01626666666667,unknown,True,unknown,True,False,False,none
2489,83.04963333333333,unknown,True,unknown,True,False,False,none
2490,83.083,unknown,True,unknown,True,False,False,none
2491,83.11636666666666,unknown,True,downward,True,False,False,none
2492,83.14973333333333,unknown,True,downward,True,False,False,none
2493,83.1831,unknown,True,downward,True,False,False,none
2494,83.21646666666666,unknown,True,unknown,True,False,False,none
2495,83.24983333333333,unknown,True,downward,True,False,False,none
2496,83.2832,unknown,True,downward,True,False,False,none
2497,83.31656666666667,unknown,True,unknown,True,False,False,none
2498,83.34993333333334,unknown,True,forward,True,False,False,none
2499,83.3833,unknown,True,downward,True,False,False,none
2500,83.41666666666667,unknown,True,unknown,True,False,False,none
2501,83.45003333333334,unknown,True,downward,True,False,False,none
2502,83.4834,unknown,True,unknown,True,False,False,none
2503,83.51676666666667,unknown,True,downward,True,False,False,none
2504,83.55013333333333,unknown,True,downward,True,False,False,none
2505,83.5835,unknown,True,unknown,True,False,False,none
2506,83.61686666666667,unknown,True,forward,True,False,False,none
2507,83.65023333333333,unknown,True,downward,True,False,False,none
2508,83.6836,unknown,True,downward,True,False,False,none
2509,83.71696666666666,unknown,True,unknown,True,False,False,none
2510,83.75033333333333,unknown,True,unknown,True,False,False,none
2511,83.7837,unknown,True,unknown,True,False,False,none
2512,83.81706666666666,unknown,True,downward,True,False,False,none
2513,83.85043333333333,unknown,True,downward,True,False,False,none
2514,83.8838,unknown,True,unknown,True,False,False,none
2515,83.91716666666666,unknown,True,unknown,True,False,False,none
2516,83.95053333333334,unknown,True,unknown,True,False,False,none
2517,83.9839,unknown,True,forward,True,False,False,none
2518,84.01726666666667,unknown,True,unknown,True,False,False,none
2519,84.05063333333334,unknown,True,unknown,True,False,False,none
2520,84.084,unknown,True,unknown,True,False,False,none
2521,84.11736666666667,unknown,True,unknown,True,False,False,none
2522,84.15073333333333,unknown,True,unknown,True,False,False,none
2523,84.1841,unknown,True,unknown,True,False,False,none
2524,84.21746666666667,unknown,True,unknown,True,False,False,none
2525,84.25083333333333,unknown,True,unknown,True,False,False,none
2526,84.2842,unknown,True,unknown,True,False,False,none
2527,84.31756666666666,unknown,True,unknown,True,False,False,none
2528,84.35093333333333,unknown,True,unknown,True,False,False,none
2529,84.3843,forward,True,unknown,True,False,False,none
2530,84.41766666666666,unknown,True,unknown,True,False,False,none
2531,84.45103333333333,unknown,True,unknown,True,False,False,none
2532,84.4844,forward,True,unknown,True,False,False,none
2533,84.51776666666666,forward,True,unknown,True,False,False,none
2534,84.55113333333334,forward,True,unknown,True,False,False,none
2535,84.5845,forward,True,unknown,True,False,False,none
2536,84.61786666666667,forward,True,unknown,True,False,False,none
2537,84.65123333333334,forward,True,unknown,True,False,False,none
2538,84.6846,forward,True,unknown,True,False,False,none
2539,84.71796666666667,forward,True,unknown,True,False,False,none
2540,84.75133333333333,forward,True,forward,True,False,False,none
2541,84.7847,forward,True,downward,True,False,False,none
2542,84.81806666666667,forward,True,downward,True,False,False,none
2543,84.85143333333333,forward,True,unknown,True,False,False,none
2544,84.8848,forward,True,unknown,True,False,False,none
2545,84.91816666666666,forward,True,forward,True,False,False,none
2546,84.95153333333333,forward,True,unknown,True,False,False,none
2547,84.9849,forward,True,downward,True,False,False,none
2548,85.01826666666666,forward,True,downward,True,False,False,none
2549,85.05163333333333,forward,True,unknown,True,False,False,none
2550,85.085,forward,True,unknown,True,False,False,none
2551,85.11836666666666,forward,True,unknown,True,False,False,none
2552,85.15173333333334,forward,True,downward,True,False,False,none
2553,85.1851,forward,True,unknown,True,False,False,none
2554,85.21846666666667,forward,True,unknown,True,False,False,none
2555,85.25183333333334,forward,True,unknown,True,False,False,none
2556,85.2852,forward,True,unknown,True,False,False,none
2557,85.31856666666667,forward,True,downward,True,False,False,none
2558,85.35193333333333,forward,True,unknown,True,False,False,none
2559,85.3853,forward,True,unknown,True,False,False,none
2560,85.41866666666667,forward,True,unknown,True,False,False,none
2561,85.45203333333333,forward,True,unknown,True,False,False,none
2562,85.4854,forward,True,unknown,True,False,False,none
2563,85.51876666666666,forward,True,unknown,True,False,False,none
2564,85.55213333333333,forward,True,unknown,True,False,False,none
2565,85.5855,forward,True,unknown,True,False,False,none
2566,85.61886666666666,unknown,True,downward,True,False,False,none
2567,85.65223333333333,forward,True,unknown,True,False,False,none
2568,85.6856,forward,True,unknown,True,False,False,none
2569,85.71896666666666,unknown,True,unknown,True,False,False,none
2570,85.75233333333334,unknown,True,unknown,True,False,False,none
2571,85.7857,unknown,True,unknown,True,False,False,none
2572,85.81906666666667,unknown,True,forward,True,False,False,none
2573,85.85243333333334,unknown,True,forward,True,False,False,none
2574,85.8858,unknown,True,unknown,True,False,False,none
2575,85.91916666666667,unknown,True,unknown,True,False,False,none
2576,85.95253333333334,unknown,True,unknown,True,False,False,none
2577,85.9859,unknown,True,unknown,True,False,False,none
2578,86.01926666666667,unknown,True,unknown,True,False,False,none
2579,86.05263333333333,unknown,True,unknown,True,False,False,none
2580,86.086,unknown,True,unknown,True,False,False,none
2581,86.11936666666666,unknown,True,unknown,True,False,False,none
2582,86.15273333333333,unknown,True,unknown,True,False,False,none
2583,86.1861,unknown,True,unknown,True,False,False,none
2584,86.21946666666666,unknown,True,downward,True,False,False,none
2585,86.25283333333333,unknown,True,unknown,True,False,False,none
2586,86.2862,unknown,True,unknown,True,False,False,none
2587,86.31956666666666,unknown,True,unknown,True,False,False,none
2588,86.35293333333334,downward,True,unknown,True,False,False,none
2589,86.3863,unknown,True,unknown,True,False,False,none
2590,86.41966666666667,unknown,True,unknown,True,False,False,none
2591,86.45303333333334,forward,True,unknown,True,False,False,none
2592,86.4864,unknown,True,unknown,True,False,False,none
2593,86.51976666666667,unknown,True,downward,True,False,False,none
2594,86.55313333333334,unknown,True,unknown,True,False,False,none
2595,86.5865,unknown,True,unknown,True,False,False,none
2596,86.61986666666667,unknown,True,unknown,True,False,False,none
2597,86.65323333333333,unknown,True,unknown,True,False,False,none
2598,86.6866,unknown,True,forward,True,False,False,none
2599,86.71996666666666,unknown,True,forward,True,False,False,none
2600,86.75333333333333,unknown,True,forward,True,False,False,none
2601,86.7867,unknown,True,forward,True,False,False,none
2602,86.82006666666666,unknown,True,forward,True,False,False,none
2603,86.85343333333333,unknown,True,forward,True,False,False,none
2604,86.8868,unknown,True,unknown,True,False,False,none
2605,86.92016666666666,unknown,True,unknown,True,False,False,none
2606,86.95353333333334,unknown,True,unknown,True,False,False,none
2607,86.9869,unknown,True,unknown,True,False,False,none
2608,87.02026666666667,forward,True,unknown,True,False,False,none
2609,87.05363333333334,forward,True,unknown,True,False,False,none
2610,87.087,forward,True,unknown,True,False,False,none
2611,87.12036666666667,forward,True,forward,True,False,False,none
2612,87.15373333333334,forward,True,unknown,True,False,False,none
2613,87.1871,forward,True,unknown,True,False,False,none
2614,87.22046666666667,forward,True,unknown,True,False,False,none
2615,87.25383333333333,forward,True,unknown,True,False,False,none
2616,87.2872,forward,True,unknown,True,False,False,none
2617,87.32056666666666,forward,True,unknown,True,False,False,none
2618,87.35393333333333,forward,True,unknown,True,False,False,none
2619,87.3873,forward,True,unknown,True,False,False,none
2620,87.42066666666666,forward,True,unknown,True,False,False,none
2621,87.45403333333333,forward,True,unknown,True,False,False,none
2622,87.4874,forward,True,unknown,True,False,False,none
2623,87.52076666666666,forward,True,unknown,True,False,False,none
2624,87.55413333333334,forward,True,unknown,True,False,False,none
2625,87.5875,unknown,True,unknown,True,False,False,none
2626,87.62086666666667,unknown,True,unknown,True,False,False,none
2627,87.65423333333334,unknown,True,forward,True,False,False,none
2628,87.6876,unknown,True,unknown,True,False,False,none
2629,87.72096666666667,unknown,True,unknown,True,False,False,none
2630,87.75433333333334,unknown,True,unknown,True,False,False,none
2631,87.7877,forward,True,unknown,True,False,False,none
2632,87.82106666666667,unknown,True,unknown,True,False,False,none
2633,87.85443333333333,unknown,True,unknown,True,False,False,none
2634,87.8878,unknown,True,unknown,True,False,False,none
2635,87.92116666666666,unknown,True,unknown,True,False,False,none
2636,87.95453333333333,unknown,True,unknown,True,False,False,none
2637,87.9879,unknown,True,unknown,True,False,False,none
2638,88.02126666666666,unknown,True,unknown,True,False,False,none
2639,88.05463333333333,unknown,True,forward,True,False,False,none
2640,88.088,unknown,True,unknown,True,False,False,none
2641,88.12136666666666,unknown,True,unknown,True,False,False,none
2642,88.15473333333334,unknown,True,unknown,True,False,False,none
2643,88.1881,unknown,True,unknown,True,False,False,none
2644,88.22146666666667,unknown,True,unknown,True,False,False,none
2645,88.25483333333334,unknown,True,unknown,True,False,False,none
2646,88.2882,unknown,True,downward,True,False,False,none
2647,88.32156666666667,unknown,True,downward,True,False,False,none
2648,88.35493333333334,unknown,True,unknown,True,False,False,none
2649,88.3883,unknown,True,unknown,True,False,False,none
2650,88.42166666666667,unknown,True,unknown,True,False,False,none
2651,88.45503333333333,unknown,True,unknown,True,False,False,none
2652,88.4884,unknown,True,unknown,True,False,False,none
2653,88.52176666666666,unknown,True,unknown,True,False,False,none
2654,88.55513333333333,unknown,True,forward,True,False,False,none
2655,88.5885,unknown,True,unknown,True,False,False,none
2656,88.62186666666666,unknown,True,unknown,True,False,False,none
2657,88.65523333333333,unknown,True,downward,True,False,False,none
2658,88.6886,unknown,True,unknown,True,False,False,none
2659,88.72196666666666,unknown,True,unknown,True,False,False,none
2660,88.75533333333334,unknown,True,downward,True,False,False,none
2661,88.7887,unknown,True,unknown,True,False,False,none
2662,88.82206666666667,unknown,True,unknown,True,False,False,none
2663,88.85543333333334,unknown,True,unknown,True,False,False,none
2664,88.8888,unknown,True,unknown,True,False,False,none
2665,88.92216666666667,unknown,True,downward,True,False,False,none
2666,88.95553333333334,unknown,True,unknown,True,False,False,none
2667,88.9889,unknown,True,unknown,True,False,False,none
2668,89.02226666666667,unknown,True,unknown,True,False,False,none
2669,89.05563333333333,unknown,True,unknown,True,False,False,none
2670,89.089,unknown,True,unknown,True,False,False,none
2671,89.12236666666666,unknown,True,unknown,True,False,False,none
2672,89.15573333333333,unknown,True,forward,True,False,False,none
2673,89.1891,unknown,True,unknown,True,False,False,none
2674,89.22246666666666,unknown,True,forward,True,False,False,none
2675,89.25583333333333,unknown,True,unknown,True,False,False,none
2676,89.2892,unknown,True,forward,True,False,False,none
2677,89.32256666666666,unknown,True,unknown,True,False,False,none
2678,89.35593333333334,unknown,True,forward,True,False,False,none
2679,89.3893,unknown,True,unknown,True,False,False,none
2680,89.42266666666667,unknown,True,forward,True,False,False,none
2681,89.45603333333334,unknown,True,unknown,True,False,False,none
2682,89.4894,unknown,True,forward,True,False,False,none
2683,89.52276666666667,unknown,True,unknown,True,False,False,none
2684,89.55613333333334,unknown,True,forward,True,False,False,none
2685,89.5895,unknown,True,unknown,True,False,False,none
2686,89.62286666666667,forward,True,unknown,True,False,False,none
2687,89.65623333333333,unknown,True,unknown,True,False,False,none
2688,89.6896,unknown,True,unknown,True,False,False,none
2689,89.72296666666666,unknown,True,unknown,True,False,False,none
2690,89.75633333333333,unknown,True,unknown,True,False,False,none
2691,89.7897,unknown,True,unknown,True,False,False,none
2692,89.82306666666666,unknown,True,unknown,True,False,False,none
2693,89.85643333333333,unknown,True,unknown,True,False,False,none
2694,89.8898,unknown,True,forward,True,False,False,none
2695,89.92316666666666,unknown,True,forward,True,False,False,none
2696,89.95653333333334,unknown,True,forward,True,False,False,none
2697,89.9899,unknown,True,forward,True,False,False,none
2698,90.02326666666667,unknown,True,forward,True,False,False,none
2699,90.05663333333334,unknown,True,forward,True,False,False,none
2700,90.09,unknown,True,forward,True,False,False,none
2701,90.12336666666668,unknown,True,unknown,True,False,False,none
2702,90.15673333333334,unknown,True,forward,True,False,False,none
2703,90.1901,unknown,True,unknown,True,False,False,none
2704,90.22346666666668,unknown,True,unknown,True,False,False,none
2705,90.25683333333332,unknown,True,unknown,True,False,False,none
2706,90.2902,unknown,True,unknown,True,False,False,none
2707,90.32356666666666,unknown,True,unknown,True,False,False,none
2708,90.35693333333332,unknown,True,unknown,True,False,False,none
2709,90.3903,unknown,True,unknown,True,False,False,none
2710,90.42366666666666,unknown,True,unknown,True,False,False,none
2711,90.45703333333331,unknown,True,forward,True,False,False,none
2712,90.4904,unknown,True,forward,True,False,False,none
2713,90.52376666666666,unknown,True,forward,True,False,False,none
2714,90.55713333333334,unknown,True,forward,True,False,False,none
2715,90.5905,unknown,True,forward,True,False,False,none
2716,90.62386666666669,unknown,True,unknown,True,False,False,none
2717,90.65723333333334,unknown,True,unknown,True,False,False,none
2718,90.6906,unknown,True,unknown,True,False,False,none
2719,90.72396666666668,unknown,True,unknown,True,False,False,none
2720,90.75733333333334,unknown,True,unknown,True,False,False,none
2721,90.7907,unknown,True,unknown,True,False,False,none
2722,90.82406666666668,unknown,True,downward,True,False,False,none
2723,90.85743333333332,unknown,True,unknown,True,False,False,none
2724,90.8908,unknown,True,unknown,True,False,False,none
2725,90.92416666666666,unknown,True,downward,True,False,False,none
2726,90.95753333333332,unknown,True,unknown,True,False,False,none
2727,90.9909,unknown,True,unknown,True,False,False,none
2728,91.02426666666666,unknown,True,downward,True,False,False,none
2729,91.05763333333331,unknown,True,downward,True,False,False,none
2730,91.091,unknown,True,unknown,True,False,False,none
2731,91.12436666666666,unknown,True,downward,True,False,False,none
2732,91.15773333333334,unknown,True,downward,True,False,False,none
2733,91.1911,unknown,True,downward,True,False,False,none
2734,91.22446666666669,unknown,True,downward,True,False,False,none
2735,91.25783333333334,unknown,True,unknown,True,False,False,none
2736,91.2912,unknown,True,unknown,True,False,False,none
2737,91.32456666666668,unknown,True,unknown,True,False,False,none
2738,91.35793333333334,unknown,True,unknown,True,False,False,none
2739,91.3913,unknown,True,forward,True,False,False,none
2740,91.42466666666668,unknown,True,unknown,True,False,False,none
2741,91.45803333333332,unknown,True,downward,True,False,False,none
2742,91.4914,unknown,True,unknown,True,False,False,none
2743,91.52476666666666,unknown,True,unknown,True,False,False,none
2744,91.55813333333332,unknown,True,downward,True,False,False,none
2745,91.5915,unknown,True,unknown,True,False,False,none
2746,91.62486666666666,unknown,True,unknown,True,False,False,none
2747,91.65823333333331,unknown,True,unknown,True,False,False,none
2748,91.6916,unknown,True,downward,True,False,False,none
2749,91.72496666666666,unknown,True,unknown,True,False,False,none
2750,91.75833333333334,unknown,True,unknown,True,False,False,none
2751,91.7917,unknown,True,unknown,True,False,False,none
2752,91.82506666666669,forward,True,unknown,True,False,False,none
2753,91.85843333333334,unknown,True,unknown,True,False,False,none
2754,91.8918,forward,True,unknown,True,False,False,none
2755,91.92516666666668,forward,True,unknown,True,False,False,none
2756,91.95853333333334,forward,True,unknown,True,False,False,none
2757,91.9919,forward,True,unknown,True,False,False,none
2758,92.02526666666668,forward,True,unknown,True,False,False,none
2759,92.05863333333332,forward,True,unknown,True,False,False,none
2760,92.092,forward,True,unknown,True,False,False,none
2761,92.12536666666666,forward,True,unknown,True,False,False,none
2762,92.15873333333332,forward,True,unknown,True,False,False,none
2763,92.1921,forward,True,unknown,True,False,False,none
2764,92.22546666666666,forward,True,unknown,True,False,False,none
2765,92.25883333333331,forward,True,unknown,True,False,False,none
2766,92.2922,forward,True,unknown,True,False,False,none
2767,92.32556666666666,forward,True,unknown,True,False,False,none
2768,92.35893333333334,forward,True,unknown,True,False,False,none
2769,92.3923,forward,True,unknown,True,False,False,none
2770,92.42566666666669,forward,True,unknown,True,False,False,none
2771,92.45903333333334,forward,True,unknown,True,False,False,none
2772,92.4924,forward,True,unknown,True,False,False,none
2773,92.52576666666668,unknown,True,unknown,True,False,False,none
2774,92.55913333333334,unknown,True,unknown,True,False,False,none
2775,92.5925,unknown,True,unknown,True,False,False,none
2776,92.62586666666668,unknown,True,unknown,True,False,False,none
2777,92.65923333333332,unknown,True,unknown,True,False,False,none
2778,92.6926,unknown,True,unknown,True,False,False,none
2779,92.72596666666666,unknown,True,unknown,True,False,False,none
2780,92.75933333333332,unknown,True,unknown,True,False,False,none
2781,92.7927,unknown,True,unknown,True,False,False,none
2782,92.82606666666666,unknown,True,unknown,True,False,False,none
2783,92.85943333333331,unknown,True,unknown,True,False,False,none
2784,92.8928,unknown,True,unknown,True,False,False,none
2785,92.92616666666666,unknown,True,unknown,True,False,False,none
2786,92.95953333333334,unknown,True,unknown,True,False,False,none
2787,92.9929,unknown,True,unknown,True,False,False,none
2788,93.02626666666669,unknown,True,unknown,True,False,False,none
2789,93.05963333333334,unknown,True,unknown,True,False,False,none
2790,93.093,unknown,True,unknown,True,False,False,none
2791,93.12636666666668,unknown,True,unknown,True,False,False,none
2792,93.15973333333334,unknown,True,unknown,True,False,False,none
2793,93.1931,unknown,True,unknown,True,False,False,none
2794,93.22646666666668,unknown,True,unknown,True,False,False,none
2795,93.25983333333332,unknown,True,unknown,True,False,False,none
2796,93.2932,unknown,True,unknown,True,False,False,none
2797,93.32656666666666,unknown,True,unknown,True,False,False,none
2798,93.35993333333332,unknown,True,forward,True,False,False,none
2799,93.3933,unknown,True,forward,True,False,False,none
2800,93.42666666666666,unknown,True,forward,True,False,False,none
2801,93.46003333333331,unknown,True,forward,True,False,False,none
2802,93.4934,unknown,True,forward,True,False,False,none
2803,93.52676666666666,unknown,True,unknown,True,False,False,none
2804,93.56013333333334,unknown,True,unknown,True,False,False,none
2805,93.5935,unknown,True,unknown,True,False,False,none
2806,93.62686666666669,unknown,True,unknown,True,False,False,none
2807,93.66023333333334,unknown,True,unknown,True,False,False,none
2808,93.6936,unknown,True,unknown,True,False,False,none
2809,93.72696666666668,unknown,True,unknown,True,False,False,none
2810,93.76033333333334,unknown,True,unknown,True,False,False,none
2811,93.7937,unknown,True,unknown,True,False,False,none
2812,93.82706666666668,unknown,True,unknown,True,False,False,none
2813,93.86043333333332,unknown,True,unknown,True,False,False,none
2814,93.8938,unknown,True,unknown,True,False,False,none
2815,93.92716666666666,unknown,True,unknown,True,False,False,none
2816,93.96053333333332,forward,True,unknown,True,False,False,none
2817,93.9939,forward,True,unknown,True,False,False,none
2818,94.02726666666666,forward,True,unknown,True,False,False,none
2819,94.06063333333331,forward,True,unknown,True,False,False,none
2820,94.094,forward,True,unknown,True,False,False,none
2821,94.12736666666666,forward,True,unknown,True,False,False,none
2822,94.16073333333334,forward,True,unknown,True,False,False,none
2823,94.1941,forward,True,unknown,True,False,False,none
2824,94.22746666666669,forward,True,unknown,True,False,False,none
2825,94.26083333333334,forward,True,unknown,True,False,False,none
2826,94.2942,forward,True,unknown,True,False,False,none
2827,94.32756666666668,unknown,True,unknown,True,False,False,none
2828,94.36093333333334,unknown,True,unknown,True,False,False,none
2829,94.3943,unknown,True,unknown,True,False,False,none
2830,94.42766666666668,unknown,True,unknown,True,False,False,none
2831,94.46103333333332,unknown,True,unknown,True,False,False,none
2832,94.4944,unknown,True,unknown,True,False,False,none
2833,94.52776666666666,unknown,True,unknown,True,False,False,none
2834,94.56113333333332,unknown,True,unknown,True,False,False,none
2835,94.5945,unknown,True,unknown,True,False,False,none
2836,94.62786666666666,unknown,True,unknown,True,False,False,none
2837,94.66123333333331,unknown,True,unknown,True,False,False,none
2838,94.6946,unknown,True,unknown,True,False,False,none
2839,94.72796666666666,unknown,True,unknown,True,False,False,none
2840,94.76133333333334,unknown,True,forward,True,False,False,none
2841,94.7947,unknown,True,forward,True,False,False,none
2842,94.82806666666669,unknown,True,forward,True,False,False,none
2843,94.86143333333334,unknown,True,forward,True,False,False,none
2844,94.8948,unknown,True,unknown,True,False,False,none
2845,94.92816666666668,unknown,True,unknown,True,False,False,none
2846,94.96153333333334,unknown,True,unknown,True,False,False,none
2847,94.9949,unknown,True,unknown,True,False,False,none
2848,95.02826666666668,forward,True,unknown,True,False,False,none
2849,95.06163333333332,forward,True,unknown,True,False,False,none
2850,95.095,forward,True,unknown,True,False,False,none
2851,95.12836666666666,forward,True,unknown,True,False,False,none
2852,95.16173333333332,forward,True,unknown,True,False,False,none
2853,95.1951,forward,True,unknown,True,False,False,none
2854,95.22846666666666,forward,True,unknown,True,False,False,none
2855,95.26183333333331,unknown,True,unknown,True,False,False,none
2856,95.2952,forward,True,unknown,True,False,False,none
2857,95.32856666666666,unknown,True,unknown,True,False,False,none
2858,95.36193333333334,unknown,True,unknown,True,False,False,none
2859,95.3953,forward,True,unknown,True,False,False,none
2860,95.42866666666669,forward,True,unknown,True,False,False,none
2861,95.46203333333334,forward,True,unknown,True,False,False,none
2862,95.4954,forward,True,unknown,True,False,False,none
2863,95.52876666666668,forward,True,downward,True,False,False,none
2864,95.56213333333334,forward,True,unknown,True,False,False,none
2865,95.5955,forward,True,unknown,True,False,False,none
2866,95.62886666666668,forward,True,unknown,True,False,False,none
2867,95.66223333333332,forward,True,unknown,True,False,False,none
2868,95.6956,forward,True,unknown,True,False,False,none
2869,95.72896666666666,forward,True,unknown,True,False,False,none
2870,95.76233333333332,forward,True,unknown,True,False,False,none
2871,95.7957,forward,True,unknown,True,False,False,none
2872,95.82906666666666,forward,True,unknown,True,False,False,none
2873,95.86243333333331,forward,True,unknown,True,False,False,none
2874,95.8958,forward,True,unknown,True,False,False,none
2875,95.92916666666666,forward,True,unknown,True,False,False,none
2876,95.96253333333334,forward,True,forward,True,False,False,none
2877,95.9959,forward,True,unknown,True,False,False,none
2878,96.02926666666669,forward,True,unknown,True,False,False,none
2879,96.06263333333334,unknown,True,forward,True,False,False,none
2880,96.096,unknown,True,unknown,True,False,False,none
2881,96.12936666666668,unknown,True,unknown,True,False,False,none
2882,96.16273333333334,unknown,True,unknown,True,False,False,none
2883,96.1961,unknown,True,unknown,True,False,False,none
2884,96.22946666666668,forward,True,unknown,True,False,False,none
2885,96.26283333333332,forward,True,unknown,True,False,False,none
2886,96.2962,forward,True,unknown,True,False,False,none
2887,96.32956666666666,forward,True,unknown,True,False,False,none
2888,96.36293333333332,forward,True,unknown,True,False,False,none
2889,96.3963,forward,True,unknown,True,False,False,none
2890,96.42966666666666,forward,True,unknown,True,False,False,none
2891,96.46303333333331,forward,True,unknown,True,False,False,none
2892,96.4964,forward,True,unknown,True,False,False,none
2893,96.52976666666666,forward,True,unknown,True,False,False,none
2894,96.56313333333334,forward,True,unknown,True,False,False,none
2895,96.5965,forward,True,forward,True,False,False,none
2896,96.62986666666669,forward,True,unknown,True,False,False,none
2897,96.66323333333334,forward,True,unknown,True,False,False,none
2898,96.6966,forward,True,unknown,True,False,False,none
2899,96.72996666666668,forward,True,unknown,True,False,False,none
2900,96.76333333333334,forward,True,unknown,True,False,False,none
2901,96.7967,forward,True,unknown,True,False,False,none
2902,96.83006666666668,forward,True,forward,True,False,False,none
2903,96.86343333333332,forward,True,forward,True,False,False,none
2904,96.8968,forward,True,forward,True,False,False,none
2905,96.93016666666666,unknown,True,unknown,True,False,False,none
2906,96.96353333333332,unknown,True,unknown,True,False,False,none
2907,96.9969,unknown,True,unknown,True,False,False,none
2908,97.03026666666666,unknown,True,unknown,True,False,False,none
2909,97.06363333333331,unknown,True,unknown,True,False,False,none
2910,97.097,unknown,True,unknown,True,False,False,none
2911,97.13036666666666,unknown,True,unknown,True,False,False,none
2912,97.16373333333334,unknown,True,unknown,True,False,False,none
2913,97.1971,unknown,True,unknown,True,False,False,none
2914,97.23046666666669,unknown,True,unknown,True,False,False,none
2915,97.26383333333334,unknown,True,unknown,True,False,False,none
2916,97.2972,unknown,True,unknown,True,False,False,none
2917,97.33056666666668,unknown,True,unknown,True,False,False,none
2918,97.36393333333334,unknown,True,unknown,True,False,False,none
2919,97.3973,unknown,True,unknown,True,False,False,none
2920,97.43066666666668,unknown,True,unknown,True,False,False,none
2921,97.46403333333332,unknown,True,forward,True,False,False,none
2922,97.4974,unknown,True,forward,True,False,False,none
2923,97.53076666666666,unknown,True,unknown,True,False,False,none
2924,97.56413333333332,unknown,True,unknown,True,False,False,none
2925,97.5975,unknown,True,unknown,True,False,False,none
2926,97.63086666666666,unknown,True,unknown,True,False,False,none
2927,97.66423333333331,unknown,True,unknown,True,False,False,none
2928,97.6976,unknown,True,unknown,True,False,False,none
2929,97.73096666666666,unknown,True,unknown,True,False,False,none
2930,97.76433333333334,unknown,True,unknown,True,False,False,none
2931,97.7977,unknown,True,unknown,True,False,False,none
2932,97.83106666666669,unknown,True,unknown,True,False,False,none
2933,97.86443333333334,unknown,True,unknown,True,False,False,none
2934,97.8978,unknown,True,unknown,True,False,False,none
2935,97.93116666666668,unknown,True,unknown,True,False,False,none
2936,97.96453333333334,unknown,True,unknown,True,False,False,none
2937,97.9979,unknown,True,unknown,True,False,False,none
2938,98.03126666666668,unknown,True,unknown,True,False,False,none
2939,98.06463333333332,unknown,True,unknown,True,False,False,none
2940,98.098,unknown,True,unknown,True,False,False,none
2941,98.13136666666666,unknown,True,unknown,True,False,False,none
2942,98.16473333333332,unknown,True,unknown,True,False,False,none
2943,98.1981,unknown,True,unknown,True,False,False,none
2944,98.23146666666666,unknown,True,unknown,True,False,False,none
2945,98.26483333333331,unknown,True,downward,True,False,False,none
2946,98.2982,unknown,True,forward,True,False,False,none
2947,98.33156666666666,unknown,True,downward,True,False,False,none
2948,98.36493333333334,unknown,True,downward,True,False,False,none
2949,98.3983,unknown,True,unknown,True,False,False,none
2950,98.43166666666669,unknown,True,unknown,True,False,False,none
2951,98.46503333333334,unknown,True,downward,True,False,False,none
2952,98.4984,unknown,True,unknown,True,False,False,none
2953,98.53176666666668,unknown,True,unknown,True,False,False,none
2954,98.56513333333334,unknown,True,unknown,True,False,False,none
2955,98.5985,unknown,True,unknown,True,False,False,none
2956,98.63186666666668,unknown,True,downward,True,False,False,none
2957,98.66523333333332,unknown,True,downward,True,False,False,none
2958,98.6986,unknown,True,downward,True,False,False,none
2959,98.73196666666666,unknown,True,unknown,True,False,False,none
2960,98.76533333333332,unknown,True,unknown,True,False,False,none
2961,98.7987,unknown,True,forward,True,False,False,none
2962,98.83206666666666,unknown,True,downward,True,False,False,none
2963,98.86543333333331,unknown,True,forward,True,False,False,none
2964,98.8988,unknown,True,downward,True,False,False,none
2965,98.93216666666666,unknown,True,downward,True,False,False,none
2966,98.96553333333334,unknown,True,downward,True,False,False,none
2967,98.9989,unknown,True,unknown,True,False,False,none
2968,99.03226666666669,unknown,True,unknown,True,False,False,none
2969,99.06563333333334,unknown,True,unknown,True,False,False,none
2970,99.099,forward,True,unknown,True,False,False,none
2971,99.13236666666668,forward,True,forward,True,False,False,none
2972,99.16573333333334,forward,True,forward,True,False,False,none
2973,99.1991,forward,True,unknown,True,False,False,none
2974,99.23246666666668,forward,True,unknown,True,False,False,none
2975,99.26583333333332,forward,True,unknown,True,False,False,none
2976,99.2992,forward,True,unknown,True,False,False,none
2977,99.33256666666666,forward,True,unknown,True,False,False,none
2978,99.36593333333332,forward,True,unknown,True,False,False,none
2979,99.3993,forward,True,unknown,True,False,False,none
2980,99.43266666666666,forward,True,unknown,True,False,False,none
2981,99.46603333333331,unknown,True,unknown,True,False,False,none
2982,99.4994,unknown,True,unknown,True,False,False,none
2983,99.53276666666666,unknown,True,unknown,True,False,False,none
2984,99.56613333333334,unknown,True,unknown,True,False,False,none
2985,99.5995,unknown,True,unknown,True,False,False,none
2986,99.63286666666669,unknown,True,unknown,True,False,False,none
2987,99.66623333333334,unknown,True,unknown,True,False,False,none
2988,99.6996,unknown,True,unknown,True,False,False,none
2989,99.73296666666668,unknown,True,unknown,True,False,False,none
2990,99.76633333333334,unknown,True,unknown,True,False,False,none
2991,99.7997,unknown,True,unknown,True,False,False,none
2992,99.83306666666668,unknown,True,unknown,True,False,False,none
2993,99.86643333333332,unknown,True,unknown,True,False,False,none
2994,99.8998,unknown,True,unknown,True,False,False,none
2995,99.93316666666666,unknown,True,unknown,True,False,False,none
2996,99.96653333333332,unknown,True,forward,True,False,False,none
2997,99.9999,unknown,True,forward,True,False,False,none
2998,100.03326666666666,unknown,True,forward,True,False,False,none
2999,100.06663333333331,unknown,True,unknown,False,False,False,none
3000,100.1,unknown,True,downward,True,False,False,none
3001,100.13336666666666,unknown,True,unknown,False,False,False,none
3002,100.16673333333334,unknown,True,unknown,False,False,False,none
3003,100.2001,unknown,True,unknown,False,False,False,none
3004,100.23346666666669,unknown,True,unknown,False,False,False,none
3005,100.26683333333334,unknown,True,unknown,False,False,False,none
3006,100.3002,unknown,True,unknown,False,False,False,none
3007,100.33356666666668,unknown,True,unknown,False,False,False,none
3008,100.36693333333334,unknown,True,unknown,False,False,False,none
3009,100.4003,unknown,True,unknown,False,False,False,none
3010,100.43366666666668,unknown,True,unknown,False,False,False,none
3011,100.46703333333332,unknown,True,unknown,False,False,False,none
3012,100.5004,forward,True,unknown,False,False,False,none
3013,100.53376666666666,forward,True,unknown,False,False,False,none
3014,100.56713333333332,forward,True,unknown,False,False,False,none
3015,100.6005,unknown,True,unknown,False,False,False,none
3016,100.63386666666666,forward,True,unknown,True,False,False,none
3017,100.66723333333331,forward,True,downward,True,False,False,none
3018,100.7006,forward,True,unknown,True,False,False,none
3019,100.73396666666666,unknown,True,unknown,True,False,False,none
3020,100.76733333333334,forward,True,unknown,True,False,False,none
3021,100.8007,forward,True,unknown,True,False,False,none
3022,100.83406666666669,forward,True,unknown,True,False,False,none
3023,100.86743333333334,forward,True,unknown,True,False,False,none
3024,100.9008,forward,True,unknown,True,False,False,none
3025,100.93416666666668,forward,True,unknown,True,False,False,none
3026,100.96753333333334,forward,True,unknown,True,False,False,none
3027,101.0009,forward,True,unknown,True,False,False,none
3028,101.03426666666668,forward,True,unknown,True,False,False,none
3029,101.06763333333332,forward,True,unknown,True,False,False,none
3030,101.101,forward,True,unknown,True,False,False,none
3031,101.13436666666666,unknown,True,unknown,True,False,False,none
3032,101.16773333333332,forward,True,unknown,True,False,False,none
3033,101.2011,forward,True,unknown,True,False,False,none
3034,101.23446666666666,forward,True,unknown,True,False,False,none
3035,101.26783333333331,unknown,True,unknown,True,False,False,none
3036,101.3012,unknown,True,unknown,True,False,False,none
3037,101.33456666666666,unknown,True,forward,True,False,False,none
3038,101.36793333333334,unknown,True,unknown,True,False,False,none
3039,101.4013,unknown,True,forward,True,False,False,none
3040,101.43466666666669,unknown,True,forward,True,False,False,none
3041,101.46803333333334,unknown,True,unknown,True,False,False,none
3042,101.5014,forward,True,forward,True,False,False,none
3043,101.53476666666668,forward,True,forward,True,False,False,none
3044,101.56813333333334,forward,True,forward,True,False,False,none
3045,101.6015,forward,True,forward,True,False,False,none
3046,101.63486666666668,forward,True,forward,True,False,False,none
3047,101.66823333333332,forward,True,forward,True,False,False,none
3048,101.7016,forward,True,unknown,True,False,False,none
3049,101.73496666666666,forward,True,unknown,True,False,False,none
3050,101.76833333333332,forward,True,forward,True,False,False,none
3051,101.8017,forward,True,unknown,True,False,False,none
3052,101.83506666666666,forward,True,forward,True,False,False,none
3053,101.86843333333331,forward,True,unknown,True,False,False,none
3054,101.9018,forward,True,unknown,True,False,False,none
3055,101.93516666666666,forward,True,unknown,True,False,False,none
3056,101.96853333333334,unknown,True,unknown,True,False,False,none
3057,102.0019,unknown,True,forward,True,False,False,none
3058,102.03526666666669,unknown,True,forward,True,False,False,none
3059,102.06863333333334,unknown,True,forward,True,False,False,none
3060,102.102,unknown,True,unknown,True,False,False,none
3061,102.13536666666668,unknown,True,unknown,True,False,False,none
3062,102.16873333333334,unknown,True,forward,True,False,False,none
3063,102.2021,unknown,True,unknown,True,False,False,none
3064,102.23546666666668,unknown,True,forward,True,False,False,none
3065,102.26883333333332,unknown,True,forward,True,False,False,none
3066,102.3022,unknown,True,forward,True,False,False,none
3067,102.33556666666668,unknown,True,forward,True,False,False,none
3068,102.36893333333332,unknown,True,forward,True,False,False,none
3069,102.4023,unknown,True,forward,True,False,False,none
3070,102.43566666666666,unknown,True,forward,True,False,False,none
3071,102.46903333333331,unknown,True,forward,True,False,False,none
3072,102.5024,unknown,True,forward,True,False,False,none
3073,102.53576666666666,forward,True,forward,True,False,False,none
3074,102.56913333333334,forward,True,forward,True,False,False,none
3075,102.6025,forward,True,unknown,True,False,False,none
3076,102.63586666666669,forward,True,unknown,True,False,False,none
3077,102.66923333333334,forward,True,unknown,True,False,False,none
3078,102.7026,forward,True,unknown,True,False,False,none
3079,102.73596666666668,forward,True,unknown,True,False,False,none
3080,102.76933333333334,forward,True,unknown,True,False,False,none
3081,102.8027,forward,True,unknown,True,False,False,none
3082,102.83606666666668,forward,True,unknown,True,False,False,none
3083,102.86943333333332,forward,True,unknown,True,False,False,none
3084,102.9028,forward,True,unknown,True,False,False,none
3085,102.93616666666668,forward,True,unknown,True,False,False,none
3086,102.96953333333332,forward,True,unknown,True,False,False,none
3087,103.0029,forward,True,forward,True,False,False,none
3088,103.03626666666666,forward,True,forward,True,False,False,none
3089,103.06963333333331,forward,True,forward,True,False,False,none
3090,103.103,unknown,True,unknown,True,False,False,none
3091,103.13636666666666,unknown,True,unknown,True,False,False,none
3092,103.16973333333334,forward,True,downward,True,False,False,none
3093,103.2031,forward,True,unknown,True,False,False,none
3094,103.23646666666669,forward,True,unknown,True,False,False,none
3095,103.26983333333334,forward,True,downward,True,False,False,none
3096,103.3032,forward,True,unknown,True,False,False,none
3097,103.33656666666668,forward,True,downward,True,False,False,none
3098,103.36993333333334,forward,True,forward,True,False,False,none
3099,103.4033,forward,True,unknown,True,False,False,none
3100,103.43666666666668,forward,True,unknown,True,False,False,none
3101,103.47003333333332,forward,True,unknown,True,False,False,none
3102,103.5034,forward,True,downward,True,False,False,none
3103,103.53676666666668,forward,True,unknown,True,False,False,none
3104,103.57013333333332,forward,True,downward,True,False,False,none
3105,103.6035,forward,True,downward,True,False,False,none
3106,103.63686666666666,forward,True,downward,True,False,False,none
3107,103.67023333333331,forward,True,downward,True,False,False,none
3108,103.7036,forward,True,unknown,True,False,False,none
3109,103.73696666666666,forward,True,unknown,True,False,False,none
3110,103.77033333333334,forward,True,unknown,True,False,False,none
3111,103.8037,forward,True,downward,True,False,False,none
3112,103.83706666666669,forward,True,downward,True,False,False,none
3113,103.87043333333334,forward,True,downward,True,False,False,none
3114,103.9038,forward,True,downward,True,False,False,none
3115,103.93716666666668,forward,True,unknown,True,False,False,none
3116,103.97053333333334,forward,True,downward,True,False,False,none
3117,104.0039,forward,True,downward,True,False,False,none
3118,104.03726666666668,forward,True,unknown,True,False,False,none
3119,104.07063333333332,forward,True,downward,True,False,False,none
3120,104.104,forward,True,unknown,False,False,False,none
3121,104.13736666666668,forward,True,downward,True,False,False,none
3122,104.17073333333332,forward,True,downward,True,False,False,none
3123,104.2041,unknown,True,downward,True,False,False,none
3124,104.23746666666666,forward,True,unknown,False,False,False,none
3125,104.27083333333331,forward,True,unknown,True,False,False,none
3126,104.3042,forward,True,unknown,True,False,False,none
3127,104.33756666666666,forward,True,forward,True,False,False,none
3128,104.37093333333333,forward,True,unknown,True,False,False,none
3129,104.4043,unknown,True,unknown,True,False,False,none
3130,104.43766666666669,forward,True,unknown,True,False,False,none
3131,104.47103333333334,forward,True,downward,True,False,False,none
3132,104.5044,forward,True,downward,True,False,False,none
3133,104.53776666666668,forward,True,downward,True,False,False,none
3134,104.57113333333334,forward,True,downward,True,False,False,none
3135,104.6045,forward,True,unknown,True,False,False,none
3136,104.63786666666668,forward,True,unknown,True,False,False,none
3137,104.67123333333332,forward,True,downward,True,False,False,none
3138,104.7046,forward,True,unknown,True,False,False,none
3139,104.73796666666668,forward,True,unknown,True,False,False,none
3140,104.77133333333332,forward,True,unknown,True,False,False,none
3141,104.8047,forward,True,unknown,True,False,False,none
3142,104.83806666666666,unknown,True,downward,True,False,False,none
3143,104.87143333333331,unknown,True,downward,True,False,False,none
3144,104.9048,unknown,True,downward,True,False,False,none
3145,104.93816666666666,unknown,True,unknown,True,False,False,none
3146,104.97153333333333,unknown,True,unknown,True,False,False,none
3147,105.0049,unknown,True,unknown,True,False,False,none
3148,105.03826666666669,unknown,True,unknown,True,False,False,none
3149,105.07163333333334,unknown,True,downward,True,False,False,none
3150,105.105,unknown,True,unknown,True,False,False,none
3151,105.13836666666668,unknown,True,unknown,True,False,False,none
3152,105.17173333333334,unknown,True,downward,True,False,False,none
3153,105.2051,unknown,True,unknown,True,False,False,none
3154,105.23846666666668,unknown,True,unknown,True,False,False,none
3155,105.27183333333332,unknown,True,unknown,True,False,False,none
3156,105.3052,unknown,True,unknown,True,False,False,none
3157,105.33856666666668,unknown,True,unknown,True,False,False,none
3158,105.37193333333332,unknown,True,unknown,True,False,False,none
3159,105.4053,unknown,True,downward,True,False,False,none
3160,105.43866666666666,unknown,True,downward,True,False,False,none
3161,105.47203333333331,unknown,True,unknown,True,False,False,none
3162,105.5054,forward,True,forward,True,False,False,none
3163,105.53876666666666,forward,True,forward,True,False,False,none
3164,105.57213333333333,forward,True,forward,True,False,False,none
3165,105.6055,forward,True,forward,True,False,False,none
3166,105.63886666666669,forward,True,unknown,True,False,False,none
3167,105.67223333333334,forward,True,unknown,True,False,False,none
3168,105.7056,forward,True,unknown,True,False,False,none
3169,105.73896666666668,forward,True,unknown,True,False,False,none
3170,105.77233333333334,forward,True,unknown,True,False,False,none
3171,105.8057,forward,True,unknown,True,False,False,none
3172,105.83906666666668,forward,True,unknown,True,False,False,none
3173,105.87243333333332,forward,True,unknown,True,False,False,none
3174,105.9058,forward,True,unknown,True,False,False,none
3175,105.93916666666668,forward,True,unknown,True,False,False,none
3176,105.97253333333332,forward,True,unknown,True,False,False,none
3177,106.0059,forward,True,unknown,True,False,False,none
3178,106.03926666666666,forward,True,unknown,True,False,False,none
3179,106.07263333333331,forward,True,unknown,True,False,False,none
3180,106.106,forward,True,unknown,True,False,False,none
3181,106.13936666666666,forward,True,unknown,True,False,False,none
3182,106.17273333333333,forward,True,forward,True,False,False,none
3183,106.2061,unknown,True,forward,True,False,False,none
3184,106.23946666666669,forward,True,downward,True,False,False,none
3185,106.27283333333334,unknown,True,unknown,True,False,False,none
3186,106.3062,forward,True,unknown,True,False,False,none
3187,106.33956666666668,unknown,True,unknown,True,False,False,none
3188,106.37293333333334,unknown,True,unknown,True,False,False,none
3189,106.4063,forward,True,unknown,True,False,False,none
3190,106.43966666666668,forward,True,unknown,True,False,False,none
3191,106.47303333333332,forward,True,unknown,True,False,False,none
3192,106.5064,forward,True,unknown,True,False,False,none
3193,106.53976666666668,forward,True,unknown,True,False,False,none
3194,106.57313333333332,forward,True,unknown,True,False,False,none
3195,106.6065,unknown,True,downward,True,False,False,none
3196,106.63986666666666,unknown,True,unknown,True,False,False,none
3197,106.67323333333331,unknown,True,downward,True,False,False,none
3198,106.7066,forward,True,unknown,True,False,False,none
3199,106.73996666666666,forward,True,unknown,True,False,False,none
3200,106.77333333333333,forward,True,unknown,True,False,False,none
3201,106.8067,forward,True,unknown,True,False,False,none
3202,106.84006666666669,forward,True,forward,True,False,False,none
3203,106.87343333333334,forward,True,unknown,True,False,False,none
3204,106.9068,forward,True,unknown,True,False,False,none
3205,106.94016666666668,forward,True,unknown,True,False,False,none
3206,106.97353333333334,forward,True,forward,True,False,False,none
3207,107.0069,forward,True,unknown,True,False,False,none
3208,107.04026666666668,forward,True,downward,True,False,False,none
3209,107.07363333333332,forward,True,unknown,True,False,False,none
3210,107.107,forward,True,forward,True,False,False,none
3211,107.14036666666668,forward,True,unknown,True,False,False,none
3212,107.17373333333332,forward,True,unknown,True,False,False,none
3213,107.2071,forward,True,unknown,True,False,False,none
3214,107.24046666666666,forward,True,unknown,True,False,False,none
3215,107.27383333333331,forward,True,unknown,True,False,False,none
3216,107.3072,unknown,True,unknown,True,False,False,none
3217,107.34056666666666,unknown,True,unknown,True,False,False,none
3218,107.37393333333333,unknown,True,unknown,True,False,False,none
3219,107.4073,unknown,True,unknown,True,False,False,none
3220,107.44066666666669,unknown,True,forward,True,False,False,none
3221,107.47403333333334,unknown,True,unknown,True,False,False,none
3222,107.5074,unknown,True,unknown,True,False,False,none
3223,107.54076666666668,unknown,True,unknown,True,False,False,none
3224,107.57413333333334,unknown,True,unknown,True,False,False,none
3225,107.6075,unknown,True,unknown,True,False,False,none
3226,107.64086666666668,unknown,True,unknown,True,False,False,none
3227,107.67423333333332,unknown,True,unknown,True,False,False,none
3228,107.7076,unknown,True,unknown,True,False,False,none
3229,107.74096666666668,unknown,True,unknown,True,False,False,none
3230,107.77433333333332,unknown,True,unknown,True,False,False,none
3231,107.8077,unknown,True,unknown,True,False,False,none
3232,107.84106666666666,unknown,True,unknown,True,False,False,none
3233,107.87443333333331,unknown,True,unknown,True,False,False,none
3234,107.9078,unknown,True,unknown,True,False,False,none
3235,107.94116666666666,unknown,True,unknown,True,False,False,none
3236,107.97453333333333,unknown,True,unknown,True,False,False,none
3237,108.0079,unknown,True,forward,True,False,False,none
3238,108.04126666666669,unknown,True,forward,True,False,False,none
3239,108.07463333333334,unknown,True,forward,True,False,False,none
3240,108.108,unknown,True,unknown,True,False,False,none
3241,108.14136666666668,unknown,True,downward,True,False,False,none
3242,108.17473333333334,unknown,True,unknown,True,False,False,none
3243,108.2081,unknown,True,unknown,True,False,False,none
3244,108.24146666666668,unknown,True,unknown,True,False,False,none
3245,108.27483333333332,unknown,True,unknown,True,False,False,none
3246,108.3082,unknown,True,unknown,True,False,False,none
3247,108.34156666666668,unknown,True,unknown,True,False,False,none
3248,108.37493333333332,unknown,True,unknown,True,False,False,none
3249,108.4083,unknown,True,unknown,True,False,False,none
3250,108.44166666666666,unknown,True,unknown,True,False,False,none
3251,108.47503333333331,unknown,True,unknown,True,False,False,none
3252,108.5084,unknown,True,unknown,True,False,False,none
3253,108.54176666666666,unknown,True,unknown,True,False,False,none
3254,108.57513333333333,unknown,True,unknown,True,False,False,none
3255,108.6085,unknown,True,unknown,True,False,False,none
3256,108.64186666666669,unknown,True,unknown,True,False,False,none
3257,108.67523333333334,unknown,True,unknown,True,False,False,none
3258,108.7086,unknown,True,unknown,True,False,False,none
3259,108.74196666666668,unknown,True,unknown,True,False,False,none
3260,108.77533333333334,unknown,True,unknown,True,False,False,none
3261,108.8087,unknown,True,unknown,True,False,False,none
3262,108.84206666666668,forward,True,unknown,True,False,False,none
3263,108.87543333333332,forward,True,unknown,True,False,False,none
3264,108.9088,forward,True,unknown,True,False,False,none
3265,108.94216666666668,forward,True,unknown,True,False,False,none
3266,108.97553333333332,forward,True,unknown,True,False,False,none
3267,109.0089,forward,True,unknown,True,False,False,none
3268,109.04226666666666,forward,True,unknown,True,False,False,none
3269,109.07563333333331,forward,True,unknown,True,False,False,none
3270,109.109,forward,True,unknown,True,False,False,none
3271,109.14236666666666,forward,True,unknown,True,False,False,none
3272,109.17573333333333,forward,True,unknown,True,False,False,none
3273,109.2091,forward,True,unknown,True,False,False,none
3274,109.24246666666669,forward,True,unknown,True,False,False,none
3275,109.27583333333334,forward,True,unknown,True,False,False,none
3276,109.3092,forward,True,unknown,True,False,False,none
3277,109.34256666666668,forward,True,unknown,True,False,False,none
3278,109.37593333333334,forward,True,unknown,True,False,False,none
3279,109.4093,forward,True,unknown,True,False,False,none
3280,109.44266666666668,forward,True,unknown,True,False,False,none
3281,109.47603333333332,forward,True,unknown,True,False,False,none
3282,109.5094,forward,True,unknown,True,False,False,none
3283,109.54276666666668,forward,True,unknown,True,False,False,none
3284,109.57613333333332,unknown,True,unknown,True,False,False,none
3285,109.6095,forward,True,unknown,True,False,False,none
3286,109.64286666666666,forward,True,unknown,True,False,False,none
3287,109.67623333333331,forward,True,unknown,True,False,False,none
3288,109.7096,forward,True,unknown,True,False,False,none
3289,109.74296666666666,forward,True,unknown,True,False,False,none
3290,109.77633333333333,forward,True,unknown,True,False,False,none
3291,109.8097,forward,True,unknown,True,False,False,none
3292,109.84306666666669,forward,True,unknown,True,False,False,none
3293,109.87643333333334,forward,True,unknown,True,False,False,none
3294,109.9098,forward,True,unknown,True,False,False,none
3295,109.94316666666668,forward,True,unknown,True,False,False,none
3296,109.97653333333334,forward,True,unknown,True,False,False,none
3297,110.0099,forward,True,unknown,True,False,False,none
3298,110.04326666666668,forward,True,unknown,True,False,False,none
3299,110.07663333333332,forward,True,unknown,True,False,False,none
3300,110.11,forward,True,unknown,True,False,False,none
3301,110.14336666666668,forward,True,unknown,True,False,False,none
3302,110.17673333333332,unknown,True,unknown,True,False,False,none
3303,110.2101,unknown,True,unknown,True,False,False,none
3304,110.24346666666666,unknown,True,unknown,True,False,False,none
3305,110.27683333333331,unknown,True,unknown,True,False,False,none
3306,110.3102,unknown,True,unknown,True,False,False,none
3307,110.34356666666666,unknown,True,forward,True,False,False,none
3308,110.37693333333333,unknown,True,forward,True,False,False,none
3309,110.4103,unknown,True,forward,True,False,False,none
3310,110.44366666666669,unknown,True,unknown,True,False,False,none
3311,110.47703333333334,unknown,True,unknown,True,False,False,none
3312,110.5104,unknown,True,unknown,True,False,False,none
3313,110.54376666666668,unknown,True,unknown,True,False,False,none
3314,110.57713333333334,unknown,True,unknown,True,False,False,none
3315,110.6105,unknown,True,unknown,True,False,False,none
3316,110.64386666666668,unknown,True,unknown,True,False,False,none
3317,110.67723333333332,unknown,True,unknown,True,False,False,none
3318,110.7106,unknown,True,unknown,True,False,False,none
3319,110.74396666666668,unknown,True,unknown,True,False,False,none
3320,110.77733333333332,unknown,True,unknown,True,False,False,none
3321,110.8107,unknown,True,unknown,True,False,False,none
3322,110.84406666666666,unknown,True,unknown,True,False,False,none
3323,110.87743333333331,unknown,True,forward,True,False,False,none
3324,110.9108,unknown,True,forward,True,False,False,none
3325,110.94416666666666,unknown,True,unknown,True,False,False,none
3326,110.97753333333333,unknown,True,unknown,True,False,False,none
3327,111.0109,unknown,True,unknown,True,False,False,none
3328,111.04426666666669,unknown,True,unknown,True,False,False,none
3329,111.07763333333334,unknown,True,unknown,True,False,False,none
3330,111.111,unknown,True,unknown,True,False,False,none
3331,111.14436666666668,unknown,True,forward,True,False,False,none
3332,111.17773333333334,unknown,True,unknown,True,False,False,none
3333,111.2111,unknown,True,unknown,True,False,False,none
3334,111.24446666666668,unknown,True,unknown,True,False,False,none
3335,111.27783333333332,unknown,True,forward,True,False,False,none
3336,111.3112,unknown,True,forward,True,False,False,none
3337,111.34456666666668,unknown,True,forward,True,False,False,none
3338,111.37793333333332,unknown,True,forward,True,False,False,none
3339,111.4113,unknown,True,unknown,True,False,False,none
3340,111.44466666666666,unknown,True,unknown,True,False,False,none
3341,111.47803333333331,unknown,True,unknown,True,False,False,none
3342,111.5114,unknown,True,unknown,True,False,False,none
3343,111.54476666666666,unknown,True,unknown,True,False,False,none
3344,111.57813333333333,unknown,True,unknown,True,False,False,none
3345,111.6115,unknown,True,unknown,True,False,False,none
3346,111.64486666666669,forward,True,unknown,True,False,False,none
3347,111.67823333333334,forward,True,unknown,True,False,False,none
3348,111.7116,forward,True,unknown,True,False,False,none
3349,111.74496666666668,forward,True,unknown,True,False,False,none
3350,111.77833333333334,forward,True,unknown,True,False,False,none
3351,111.8117,forward,True,forward,True,False,False,none
3352,111.84506666666668,forward,True,forward,True,False,False,none
3353,111.87843333333332,forward,True,forward,True,False,False,none
3354,111.9118,forward,True,unknown,True,False,False,none
3355,111.94516666666668,forward,True,unknown,True,False,False,none
3356,111.97853333333332,forward,True,unknown,True,False,False,none
3357,112.0119,forward,True,unknown,True,False,False,none
3358,112.04526666666666,unknown,True,unknown,True,False,False,none
3359,112.07863333333331,unknown,True,unknown,True,False,False,none
3360,112.112,forward,True,unknown,True,False,False,none
3361,112.14536666666666,unknown,True,unknown,True,False,False,none
3362,112.17873333333333,unknown,True,unknown,True,False,False,none
3363,112.2121,unknown,True,unknown,True,False,False,none
3364,112.24546666666669,unknown,True,unknown,True,False,False,none
3365,112.27883333333334,unknown,True,unknown,True,False,False,none
3366,112.3122,unknown,True,unknown,True,False,False,none
3367,112.34556666666668,unknown,True,unknown,True,False,False,none
3368,112.37893333333334,unknown,True,unknown,True,False,False,none
3369,112.4123,unknown,True,unknown,True,False,False,none
3370,112.44566666666668,forward,True,unknown,True,False,False,none
3371,112.47903333333332,unknown,True,unknown,True,False,False,none
3372,112.5124,unknown,True,unknown,True,False,False,none
3373,112.54576666666668,unknown,True,unknown,True,False,False,none
3374,112.57913333333332,unknown,True,unknown,True,False,False,none
3375,112.6125,forward,True,unknown,True,False,False,none
3376,112.64586666666666,unknown,True,unknown,True,False,False,none
3377,112.67923333333331,forward,True,unknown,True,False,False,none
3378,112.7126,forward,True,unknown,True,False,False,none
3379,112.74596666666666,unknown,True,unknown,True,False,False,none
3380,112.77933333333333,unknown,True,unknown,True,False,False,none
3381,112.8127,unknown,True,unknown,True,False,False,none
3382,112.84606666666669,unknown,True,unknown,True,False,False,none
3383,112.87943333333334,unknown,True,unknown,True,False,False,none
3384,112.9128,unknown,True,unknown,True,False,False,none
3385,112.94616666666668,unknown,True,unknown,True,False,False,none
3386,112.97953333333334,unknown,True,unknown,True,False,False,none
3387,113.0129,unknown,True,unknown,True,False,False,none
3388,113.04626666666668,unknown,True,unknown,True,False,False,none
3389,113.07963333333332,forward,True,unknown,True,False,False,none
3390,113.113,unknown,True,downward,True,False,False,none
3391,113.14636666666668,unknown,True,unknown,True,False,False,none
3392,113.17973333333332,unknown,True,unknown,True,False,False,none
3393,113.2131,unknown,True,unknown,True,False,False,none
3394,113.24646666666666,unknown,True,unknown,True,False,False,none
3395,113.27983333333331,unknown,True,forward,True,False,False,none
3396,113.3132,unknown,True,unknown,True,False,False,none
3397,113.34656666666666,unknown,True,unknown,True,False,False,none
3398,113.37993333333333,unknown,True,unknown,True,False,False,none
3399,113.4133,unknown,True,unknown,True,False,False,none
3400,113.44666666666669,unknown,True,unknown,True,False,False,none
3401,113.48003333333334,unknown,True,unknown,True,False,False,none
3402,113.5134,unknown,True,unknown,True,False,False,none
3403,113.54676666666668,unknown,True,unknown,True,False,False,none
3404,113.58013333333334,unknown,True,unknown,True,False,False,none
3405,113.6135,unknown,True,unknown,True,False,False,none
3406,113.64686666666668,unknown,True,unknown,True,False,False,none
3407,113.68023333333332,unknown,True,unknown,True,False,False,none
3408,113.7136,unknown,True,unknown,True,False,False,none
3409,113.74696666666668,unknown,True,unknown,True,False,False,none
3410,113.78033333333332,unknown,True,unknown,True,False,False,none
3411,113.8137,unknown,True,unknown,True,False,False,none
3412,113.84706666666666,unknown,True,unknown,True,False,False,none
3413,113.88043333333331,unknown,True,unknown,True,False,False,none
3414,113.9138,unknown,True,forward,True,False,False,none
3415,113.94716666666666,unknown,True,unknown,True,False,False,none
3416,113.98053333333333,unknown,True,unknown,True,False,False,none
3417,114.0139,unknown,True,unknown,True,False,False,none
3418,114.04726666666669,unknown,True,unknown,True,False,False,none
3419,114.08063333333334,unknown,True,unknown,True,False,False,none
3420,114.114,unknown,True,unknown,True,False,False,none
3421,114.14736666666668,unknown,True,forward,True,False,False,none
3422,114.18073333333334,unknown,True,unknown,True,False,False,none
3423,114.2141,unknown,True,unknown,True,False,False,none
3424,114.24746666666668,unknown,True,downward,True,False,False,none
3425,114.28083333333332,unknown,True,downward,True,False,False,none
3426,114.3142,unknown,True,unknown,True,False,False,none
3427,114.34756666666668,unknown,True,unknown,True,False,False,none
3428,114.38093333333332,unknown,True,unknown,True,False,False,none
3429,114.4143,unknown,True,downward,True,False,False,none
3430,114.44766666666666,unknown,True,unknown,True,False,False,none
3431,114.48103333333331,unknown,True,downward,True,False,False,none
3432,114.5144,unknown,True,unknown,True,False,False,none
3433,114.54776666666666,unknown,True,unknown,True,False,False,none
3434,114.58113333333333,unknown,True,unknown,True,False,False,none
3435,114.6145,unknown,True,unknown,True,False,False,none
3436,114.64786666666669,unknown,True,unknown,True,False,False,none
3437,114.68123333333334,unknown,True,unknown,True,False,False,none
3438,114.7146,unknown,True,unknown,True,False,False,none
3439,114.74796666666668,unknown,True,forward,True,False,False,none
3440,114.78133333333334,unknown,True,downward,True,False,False,none
3441,114.8147,unknown,True,unknown,False,False,False,none
3442,114.84806666666668,unknown,True,unknown,True,False,False,none
3443,114.88143333333332,unknown,True,unknown,False,False,False,none
3444,114.9148,unknown,True,unknown,False,False,False,none
3445,114.94816666666668,unknown,True,unknown,False,False,False,none
3446,114.98153333333332,unknown,True,unknown,False,False,False,none
3447,115.0149,unknown,True,downward,True,False,False,none
3448,115.04826666666666,unknown,True,unknown,True,False,False,none
3449,115.08163333333331,unknown,True,unknown,True,False,False,none
3450,115.115,unknown,True,unknown,True,False,False,none
3451,115.14836666666666,unknown,True,unknown,True,False,False,none
3452,115.18173333333333,unknown,True,unknown,False,False,False,none
3453,115.2151,unknown,True,unknown,False,False,False,none
3454,115.24846666666669,unknown,True,unknown,True,False,False,none
3455,115.28183333333334,unknown,True,unknown,True,False,False,none
3456,115.3152,unknown,True,unknown,True,False,False,none
3457,115.34856666666668,unknown,True,downward,True,False,False,none
3458,115.38193333333334,unknown,True,unknown,True,False,False,none
3459,115.4153,unknown,True,unknown,True,False,False,none
3460,115.44866666666668,unknown,True,unknown,True,False,False,none
3461,115.48203333333332,unknown,True,unknown,True,False,False,none
3462,115.5154,unknown,True,unknown,True,False,False,none
3463,115.54876666666668,unknown,True,unknown,True,False,False,none
3464,115.58213333333332,unknown,True,unknown,True,False,False,none
3465,115.6155,unknown,True,unknown,True,False,False,none
3466,115.64886666666666,unknown,True,unknown,True,False,False,none
3467,115.68223333333331,unknown,True,forward,True,False,False,none
3468,115.7156,unknown,True,unknown,True,False,False,none
3469,115.74896666666666,unknown,True,downward,True,False,False,none
3470,115.78233333333333,unknown,True,unknown,True,False,False,none
3471,115.8157,unknown,True,unknown,True,False,False,none
3472,115.84906666666669,unknown,True,unknown,True,False,False,none
3473,115.88243333333334,unknown,True,unknown,True,False,False,none
3474,115.9158,unknown,True,unknown,True,False,False,none
3475,115.94916666666668,unknown,True,unknown,True,False,False,none
3476,115.98253333333334,unknown,True,unknown,True,False,False,none
3477,116.0159,unknown,True,unknown,True,False,False,none
3478,116.04926666666668,unknown,True,forward,True,False,False,none
3479,116.08263333333332,unknown,True,unknown,True,False,False,none
3480,116.116,unknown,True,forward,True,False,False,none
3481,116.14936666666668,unknown,True,downward,True,False,False,none
3482,116.18273333333332,unknown,True,unknown,True,False,False,none
3483,116.2161,unknown,True,unknown,True,False,False,none
3484,116.24946666666666,unknown,True,unknown,True,False,False,none
3485,116.28283333333331,unknown,True,unknown,True,False,False,none
3486,116.3162,unknown,True,unknown,True,False,False,none
3487,116.34956666666666,unknown,True,forward,True,False,False,none
3488,116.38293333333333,unknown,True,unknown,True,False,False,none
3489,116.4163,unknown,True,unknown,True,False,False,none
3490,116.44966666666669,unknown,True,unknown,True,False,False,none
3491,116.48303333333334,unknown,True,unknown,True,False,False,none
3492,116.5164,unknown,True,unknown,True,False,False,none
3493,116.54976666666668,unknown,True,unknown,True,False,False,none
3494,116.58313333333334,unknown,True,unknown,True,False,False,none
3495,116.6165,unknown,True,unknown,True,False,False,none
3496,116.64986666666668,unknown,True,unknown,True,False,False,none
3497,116.68323333333332,unknown,True,unknown,True,False,False,none
3498,116.7166,unknown,True,unknown,True,False,False,none
3499,116.74996666666668,unknown,True,unknown,True,False,False,none
3500,116.78333333333332,unknown,True,unknown,True,False,False,none
3501,116.8167,unknown,True,unknown,True,False,False,none
3502,116.85006666666666,unknown,True,unknown,True,False,False,none
3503,116.88343333333331,unknown,True,unknown,True,False,False,none
3504,116.9168,unknown,True,unknown,True,False,False,none
3505,116.95016666666666,unknown,True,unknown,True,False,False,none
3506,116.98353333333333,unknown,True,unknown,True,False,False,none
3507,117.0169,unknown,True,downward,True,False,False,none
3508,117.05026666666669,unknown,True,unknown,True,False,False,none
3509,117.08363333333334,unknown,True,unknown,True,False,False,none
3510,117.117,unknown,True,unknown,True,False,False,none
3511,117.15036666666668,unknown,True,unknown,True,False,False,none
3512,117.18373333333334,unknown,True,unknown,True,False,False,none
3513,117.2171,unknown,True,downward,True,False,False,none
3514,117.25046666666668,unknown,True,unknown,True,False,False,none
3515,117.28383333333332,unknown,True,unknown,True,False,False,none
3516,117.3172,unknown,True,unknown,True,False,False,none
3517,117.35056666666668,unknown,True,unknown,True,False,False,none
3518,117.38393333333332,unknown,True,unknown,True,False,False,none
3519,117.4173,unknown,True,unknown,True,False,False,none
3520,117.45066666666666,unknown,True,forward,True,False,False,none
3521,117.48403333333331,unknown,True,forward,True,False,False,none
3522,117.5174,unknown,True,unknown,True,False,False,none
3523,117.55076666666666,unknown,True,unknown,True,False,False,none
3524,117.58413333333333,unknown,True,unknown,True,False,False,none
3525,117.6175,unknown,True,unknown,True,False,False,none
3526,117.65086666666669,unknown,True,unknown,True,False,False,none
3527,117.68423333333334,unknown,True,unknown,True,False,False,none
3528,117.7176,unknown,True,unknown,True,False,False,none
3529,117.75096666666668,unknown,True,unknown,True,False,False,none
3530,117.78433333333334,unknown,True,unknown,True,False,False,none
3531,117.8177,unknown,True,unknown,True,False,False,none
3532,117.85106666666668,unknown,True,unknown,True,False,False,none
3533,117.88443333333332,unknown,True,unknown,True,False,False,none
3534,117.9178,unknown,True,unknown,True,False,False,none
3535,117.95116666666668,unknown,True,unknown,True,False,False,none
3536,117.98453333333332,unknown,True,unknown,True,False,False,none
3537,118.0179,unknown,True,unknown,True,False,False,none
3538,118.05126666666666,unknown,True,unknown,True,False,False,none
3539,118.08463333333331,unknown,True,unknown,True,False,False,none
3540,118.118,unknown,True,unknown,True,False,False,none
3541,118.15136666666666,unknown,True,unknown,True,False,False,none
3542,118.18473333333333,unknown,True,forward,True,False,False,none
3543,118.2181,unknown,True,forward,True,False,False,none
3544,118.25146666666669,unknown,True,forward,True,False,False,none
3545,118.28483333333334,unknown,True,forward,True,False,False,none
3546,118.3182,unknown,True,forward,True,False,False,none
3547,118.35156666666668,unknown,True,unknown,True,False,False,none
3548,118.38493333333334,unknown,True,forward,True,False,False,none
3549,118.4183,unknown,True,unknown,True,False,False,none
3550,118.45166666666668,unknown,True,unknown,True,False,False,none
3551,118.48503333333332,unknown,True,unknown,True,False,False,none
3552,118.5184,unknown,True,unknown,True,False,False,none
3553,118.55176666666668,unknown,True,unknown,True,False,False,none
3554,118.58513333333332,unknown,True,unknown,True,False,False,none
3555,118.6185,unknown,True,unknown,True,False,False,none
3556,118.65186666666666,unknown,True,unknown,True,False,False,none
3557,118.68523333333331,unknown,True,unknown,True,False,False,none
3558,118.7186,unknown,True,unknown,True,False,False,none
3559,118.75196666666666,unknown,True,unknown,True,False,False,none
3560,118.78533333333333,unknown,True,unknown,True,False,False,none
3561,118.8187,unknown,True,unknown,True,False,False,none
3562,118.85206666666669,unknown,True,unknown,True,False,False,none
3563,118.88543333333334,unknown,True,unknown,True,False,False,none
3564,118.9188,unknown,True,unknown,True,False,False,none
3565,118.95216666666668,unknown,True,unknown,True,False,False,none
3566,118.98553333333334,unknown,True,unknown,True,False,False,none
3567,119.0189,unknown,True,unknown,True,False,False,none
3568,119.05226666666668,unknown,True,unknown,True,False,False,none
3569,119.08563333333332,unknown,True,unknown,True,False,False,none
3570,119.119,unknown,True,unknown,True,False,False,none
3571,119.15236666666668,unknown,True,unknown,True,False,False,none
3572,119.18573333333332,unknown,True,unknown,True,False,False,none
3573,119.2191,unknown,True,unknown,True,False,False,none
3574,119.25246666666666,unknown,True,unknown,True,False,False,none
3575,119.28583333333331,unknown,True,unknown,True,False,False,none
3576,119.3192,unknown,True,unknown,True,False,False,none
3577,119.35256666666666,unknown,True,unknown,True,False,False,none
3578,119.38593333333333,unknown,True,unknown,True,False,False,none
3579,119.4193,unknown,True,unknown,True,False,False,none
3580,119.45266666666669,unknown,True,unknown,True,False,False,none
3581,119.48603333333334,unknown,True,forward,True,False,False,none
3582,119.5194,unknown,True,unknown,True,False,False,none
3583,119.55276666666668,unknown,True,unknown,True,False,False,none
3584,119.58613333333334,unknown,True,unknown,True,False,False,none
3585,119.6195,unknown,True,downward,True,False,False,none
3586,119.65286666666668,unknown,True,unknown,True,False,False,none
3587,119.68623333333332,unknown,True,unknown,True,False,False,none
3588,119.7196,unknown,True,unknown,True,False,False,none
3589,119.75296666666668,unknown,True,downward,True,False,False,none
3590,119.78633333333332,unknown,True,downward,True,False,False,none
3591,119.8197,unknown,True,unknown,True,False,False,none
3592,119.85306666666666,unknown,True,unknown,True,False,False,none
3593,119.88643333333331,unknown,True,downward,True,False,False,none
3594,119.9198,unknown,True,unknown,True,False,False,none
3595,119.95316666666666,unknown,True,downward,True,False,False,none
3596,119.98653333333333,unknown,True,forward,True,False,False,none
3597,120.0199,unknown,True,unknown,True,False,False,none
3598,120.05326666666669,unknown,True,forward,True,False,False,none
3599,120.08663333333334,unknown,True,unknown,True,False,False,none
3600,120.12,unknown,True,downward,True,False,False,none
3601,120.15336666666668,unknown,True,unknown,True,False,False,none
3602,120.18673333333334,unknown,True,unknown,True,False,False,none
3603,120.2201,unknown,True,unknown,True,False,False,none
3604,120.25346666666668,unknown,True,unknown,True,False,False,none
3605,120.28683333333332,unknown,True,unknown,True,False,False,none
3606,120.3202,unknown,True,downward,True,False,False,none
3607,120.35356666666668,unknown,True,downward,True,False,False,none
3608,120.38693333333332,unknown,True,unknown,True,False,False,none
3609,120.4203,unknown,True,unknown,True,False,False,none
3610,120.45366666666666,unknown,True,unknown,True,False,False,none
3611,120.48703333333331,unknown,True,unknown,True,False,False,none
3612,120.5204,unknown,True,unknown,True,False,False,none
3613,120.55376666666666,unknown,True,unknown,True,False,False,none
3614,120.58713333333333,unknown,True,downward,True,False,False,none
3615,120.6205,unknown,True,downward,True,False,False,none
3616,120.65386666666669,unknown,True,downward,True,False,False,none
3617,120.68723333333334,unknown,True,downward,True,False,False,none
3618,120.7206,unknown,True,unknown,True,False,False,none
3619,120.75396666666668,unknown,True,downward,True,False,False,none
3620,120.78733333333334,unknown,True,unknown,True,False,False,none
3621,120.8207,unknown,True,downward,True,False,False,none
3622,120.85406666666668,unknown,True,downward,True,False,False,none
3623,120.88743333333332,unknown,True,downward,True,False,False,none
3624,120.9208,unknown,True,downward,True,False,False,none
3625,120.95416666666668,unknown,True,unknown,True,False,False,none
3626,120.98753333333332,unknown,True,unknown,True,False,False,none
3627,121.0209,unknown,True,unknown,True,False,False,none
3628,121.05426666666666,unknown,True,unknown,True,False,False,none
3629,121.08763333333332,unknown,True,unknown,True,False,False,none
3630,121.121,unknown,True,unknown,True,False,False,none
3631,121.15436666666666,unknown,True,unknown,True,False,False,none
3632,121.18773333333333,unknown,True,unknown,True,False,False,none
3633,121.2211,unknown,True,unknown,True,False,False,none
3634,121.25446666666669,unknown,True,unknown,True,False,False,none
3635,121.28783333333334,unknown,True,unknown,True,False,False,none
3636,121.3212,unknown,True,unknown,True,False,False,none
3637,121.35456666666668,unknown,True,unknown,True,False,False,none
3638,121.38793333333334,unknown,True,downward,True,False,False,none
3639,121.4213,unknown,True,downward,True,False,False,none
3640,121.45466666666668,unknown,True,downward,True,False,False,none
3641,121.48803333333332,unknown,True,downward,True,False,False,none
3642,121.5214,unknown,True,downward,True,False,False,none
3643,121.55476666666668,unknown,True,unknown,True,False,False,none
3644,121.58813333333332,unknown,True,downward,True,False,False,none
3645,121.6215,unknown,True,downward,True,False,False,none
3646,121.65486666666666,unknown,True,downward,True,False,False,none
3647,121.68823333333332,unknown,True,downward,True,False,False,none
3648,121.7216,unknown,True,downward,True,False,False,none
3649,121.75496666666666,unknown,True,downward,True,False,False,none
3650,121.78833333333333,unknown,True,downward,True,False,False,none
3651,121.8217,unknown,True,downward,True,False,False,none
3652,121.85506666666669,unknown,True,unknown,True,False,False,none
3653,121.88843333333334,unknown,True,unknown,True,False,False,none
3654,121.9218,unknown,True,unknown,True,False,False,none
3655,121.95516666666668,unknown,True,unknown,True,False,False,none
3656,121.98853333333334,unknown,True,unknown,True,False,False,none
3657,122.0219,unknown,True,forward,True,False,False,none
3658,122.05526666666668,unknown,True,forward,True,False,False,none
3659,122.08863333333332,unknown,True,forward,True,False,False,none
3660,122.122,unknown,True,forward,True,False,False,none
3661,122.15536666666668,unknown,True,unknown,True,False,False,none
3662,122.18873333333332,unknown,True,unknown,True,False,False,none
3663,122.2221,unknown,True,unknown,True,False,False,none
3664,122.25546666666666,unknown,True,unknown,True,False,False,none
3665,122.28883333333332,unknown,True,unknown,True,False,False,none
3666,122.3222,unknown,True,unknown,True,False,False,none
3667,122.35556666666666,unknown,True,forward,True,False,False,none
3668,122.38893333333333,unknown,True,unknown,True,False,False,none
3669,122.4223,unknown,True,unknown,True,False,False,none
3670,122.45566666666669,unknown,True,unknown,True,False,False,none
3671,122.48903333333334,unknown,True,unknown,True,False,False,none
3672,122.5224,unknown,True,unknown,True,False,False,none
3673,122.55576666666668,unknown,True,unknown,True,False,False,none
3674,122.58913333333334,unknown,True,unknown,True,False,False,none
3675,122.6225,unknown,True,downward,True,False,False,none
3676,122.65586666666668,unknown,True,downward,True,False,False,none
3677,122.68923333333332,unknown,True,downward,True,False,False,none
3678,122.7226,unknown,True,unknown,True,False,False,none
3679,122.75596666666668,unknown,True,downward,True,False,False,none
3680,122.78933333333332,unknown,True,downward,True,False,False,none
3681,122.8227,unknown,True,downward,True,False,False,none
3682,122.85606666666666,unknown,True,downward,True,False,False,none
3683,122.88943333333332,unknown,True,unknown,False,False,False,none
3684,122.9228,unknown,True,unknown,False,False,False,none
3685,122.95616666666666,unknown,True,unknown,False,False,False,none
3686,122.98953333333333,unknown,True,downward,True,False,False,none
3687,123.0229,unknown,True,downward,True,False,False,none
3688,123.05626666666667,unknown,True,unknown,False,False,False,none
3689,123.08963333333334,unknown,True,downward,True,False,False,none
3690,123.123,unknown,True,unknown,False,False,False,none
3691,123.15636666666668,unknown,True,downward,True,False,False,none
3692,123.18973333333334,unknown,True,unknown,False,False,False,none
3693,123.2231,unknown,True,downward,True,False,False,none
3694,123.25646666666668,unknown,True,downward,True,False,False,none
3695,123.28983333333332,unknown,True,unknown,True,False,False,none
3696,123.3232,unknown,True,unknown,True,False,False,none
3697,123.35656666666668,unknown,True,downward,True,False,False,none
3698,123.38993333333332,unknown,True,downward,True,False,False,none
3699,123.4233,unknown,True,downward,True,False,False,none
3700,123.45666666666666,unknown,True,unknown,True,False,False,none
3701,123.49003333333332,unknown,True,downward,True,False,False,none
3702,123.5234,unknown,True,unknown,True,False,False,none
3703,123.55676666666666,unknown,True,downward,True,False,False,none
3704,123.59013333333333,unknown,True,unknown,False,False,False,none
3705,123.6235,unknown,True,downward,True,False,False,none
3706,123.65686666666667,unknown,True,unknown,True,False,False,none
3707,123.69023333333334,unknown,True,unknown,True,False,False,none
3708,123.7236,unknown,False,downward,True,False,False,none
3709,123.75696666666668,unknown,True,unknown,True,False,False,none
3710,123.79033333333334,unknown,True,unknown,True,False,False,none
3711,123.8237,unknown,True,unknown,True,False,False,none
3712,123.85706666666668,unknown,True,unknown,True,False,False,none
3713,123.89043333333332,unknown,True,unknown,True,False,False,none
3714,123.9238,unknown,True,unknown,True,False,False,none
3715,123.95716666666668,unknown,True,unknown,True,False,False,none
3716,123.99053333333332,unknown,True,downward,True,False,False,none
3717,124.0239,unknown,True,unknown,True,False,False,none
3718,124.05726666666666,unknown,True,unknown,True,False,False,none
3719,124.09063333333332,unknown,True,unknown,True,False,False,none
3720,124.124,unknown,True,unknown,True,False,False,none
3721,124.15736666666666,unknown,True,unknown,True,False,False,none
3722,124.19073333333333,unknown,True,downward,True,False,False,none
3723,124.2241,unknown,True,downward,True,False,False,none
3724,124.25746666666667,unknown,True,unknown,True,False,False,none
3725,124.29083333333334,unknown,True,downward,True,False,False,none
3726,124.3242,unknown,True,downward,True,False,False,none
3727,124.35756666666668,unknown,True,downward,True,False,False,none
3728,124.39093333333334,unknown,True,unknown,True,False,False,none
3729,124.4243,unknown,True,downward,True,False,False,none
3730,124.45766666666668,unknown,True,unknown,True,False,False,none
3731,124.49103333333332,unknown,True,unknown,True,False,False,none
3732,124.5244,unknown,True,unknown,False,False,False,none
3733,124.55776666666668,unknown,True,unknown,False,False,False,none
3734,124.59113333333332,unknown,True,unknown,True,False,False,none
3735,124.6245,unknown,True,downward,True,False,False,none
3736,124.65786666666666,unknown,True,unknown,True,False,False,none
3737,124.69123333333332,unknown,True,downward,True,False,False,none
3738,124.7246,unknown,True,unknown,True,False,False,none
3739,124.75796666666666,unknown,True,unknown,True,False,False,none
3740,124.79133333333333,unknown,True,unknown,True,False,False,none
3741,124.8247,unknown,True,unknown,True,False,False,none
3742,124.85806666666667,unknown,True,forward,True,False,False,none
3743,124.89143333333334,unknown,True,unknown,True,False,False,none
3744,124.9248,unknown,True,unknown,True,False,False,none
3745,124.95816666666668,unknown,True,unknown,True,False,False,none
3746,124.99153333333334,unknown,True,unknown,True,False,False,none
3747,125.0249,unknown,True,unknown,True,False,False,none
3748,125.05826666666668,unknown,True,unknown,True,False,False,none
3749,125.09163333333332,unknown,True,unknown,True,False,False,none
3750,125.125,unknown,True,unknown,True,False,False,none
3751,125.15836666666668,unknown,True,unknown,True,False,False,none
3752,125.19173333333332,unknown,True,unknown,True,False,False,none
3753,125.2251,unknown,True,downward,True,False,False,none
3754,125.25846666666666,unknown,True,unknown,True,False,False,none
3755,125.29183333333332,unknown,True,unknown,True,False,False,none
3756,125.3252,unknown,True,unknown,True,False,False,none
3757,125.35856666666666,unknown,True,unknown,True,False,False,none
3758,125.39193333333333,unknown,True,unknown,True,False,False,none
3759,125.4253,unknown,True,unknown,True,False,False,none
3760,125.45866666666667,unknown,True,unknown,True,False,False,none
3761,125.49203333333334,unknown,True,unknown,True,False,False,none
3762,125.5254,unknown,True,unknown,True,False,False,none
3763,125.55876666666668,unknown,True,unknown,True,False,False,none
3764,125.59213333333334,unknown,True,unknown,True,False,False,none
3765,125.6255,unknown,True,unknown,True,False,False,none
3766,125.65886666666668,unknown,True,unknown,True,False,False,none
3767,125.69223333333332,unknown,True,unknown,True,False,False,none
3768,125.7256,unknown,True,unknown,True,False,False,none
3769,125.75896666666668,unknown,True,unknown,True,False,False,none
3770,125.79233333333332,unknown,True,unknown,True,False,False,none
3771,125.8257,unknown,True,unknown,True,False,False,none
3772,125.85906666666666,unknown,True,unknown,True,False,False,none
3773,125.89243333333332,unknown,True,unknown,True,False,False,none
3774,125.9258,unknown,True,unknown,True,False,False,none
3775,125.95916666666666,unknown,True,unknown,True,False,False,none
3776,125.99253333333333,unknown,True,unknown,True,False,False,none
3777,126.0259,unknown,True,unknown,True,False,False,none
3778,126.05926666666667,unknown,True,unknown,True,False,False,none
3779,126.09263333333334,unknown,True,unknown,True,False,False,none
3780,126.126,unknown,True,unknown,True,False,False,none
3781,126.15936666666668,unknown,True,unknown,True,False,False,none
3782,126.19273333333334,unknown,True,unknown,True,False,False,none
3783,126.2261,unknown,True,unknown,True,False,False,none
3784,126.25946666666668,unknown,True,unknown,True,False,False,none
3785,126.29283333333332,unknown,True,unknown,True,False,False,none
3786,126.3262,unknown,True,unknown,True,False,False,none
3787,126.35956666666668,unknown,True,unknown,True,False,False,none
3788,126.39293333333332,unknown,True,unknown,True,False,False,none
3789,126.4263,unknown,True,unknown,True,False,False,none
3790,126.45966666666666,unknown,True,unknown,True,False,False,none
3791,126.49303333333332,unknown,True,unknown,True,False,False,none
3792,126.5264,unknown,True,unknown,True,False,False,none
3793,126.55976666666666,unknown,True,unknown,True,False,False,none
3794,126.59313333333333,unknown,True,unknown,True,False,False,none
3795,126.6265,unknown,True,unknown,True,False,False,none
3796,126.65986666666667,unknown,True,unknown,True,False,False,none
3797,126.69323333333334,unknown,True,downward,True,False,False,none
3798,126.7266,unknown,True,unknown,True,False,False,none
3799,126.75996666666668,unknown,True,unknown,True,False,False,none
3800,126.79333333333334,unknown,True,unknown,True,False,False,none
3801,126.8267,unknown,True,unknown,True,False,False,none
3802,126.86006666666668,unknown,True,unknown,True,False,False,none
3803,126.89343333333332,unknown,True,unknown,True,False,False,none
3804,126.9268,unknown,True,unknown,True,False,False,none
3805,126.96016666666668,unknown,True,unknown,True,False,False,none
3806,126.99353333333332,unknown,True,unknown,True,False,False,none
3807,127.0269,unknown,True,unknown,True,False,False,none
3808,127.06026666666666,unknown,True,unknown,True,False,False,none
3809,127.09363333333332,unknown,True,unknown,True,False,False,none
3810,127.127,unknown,True,forward,True,False,False,none
3811,127.16036666666666,unknown,True,forward,True,False,False,none
3812,127.19373333333333,unknown,True,forward,True,False,False,none
3813,127.2271,unknown,True,forward,True,False,False,none
3814,127.26046666666667,unknown,True,unknown,True,False,False,none
3815,127.29383333333334,unknown,True,unknown,True,False,False,none
3816,127.3272,unknown,True,unknown,True,False,False,none
3817,127.36056666666668,unknown,True,unknown,True,False,False,none
3818,127.39393333333334,unknown,True,unknown,True,False,False,none
3819,127.4273,unknown,True,unknown,True,False,False,none
3820,127.46066666666668,unknown,True,unknown,True,False,False,none
3821,127.49403333333332,unknown,True,unknown,True,False,False,none
3822,127.5274,unknown,True,unknown,True,False,False,none
3823,127.56076666666668,unknown,True,unknown,True,False,False,none
3824,127.59413333333332,unknown,True,unknown,True,False,False,none
3825,127.6275,unknown,True,unknown,True,False,False,none
3826,127.66086666666666,unknown,True,unknown,True,False,False,none
3827,127.69423333333332,unknown,True,unknown,True,False,False,none
3828,127.7276,unknown,True,unknown,True,False,False,none
3829,127.76096666666666,unknown,True,unknown,True,False,False,none
3830,127.79433333333331,unknown,True,unknown,True,False,False,none
3831,127.8277,unknown,True,downward,True,False,False,none
3832,127.86106666666667,unknown,True,partner,True,False,True,guitarist_only
3833,127.89443333333334,unknown,True,unknown,False,False,False,none
3834,127.9278,unknown,True,downward,True,False,False,none
3835,127.96116666666668,unknown,True,partner,True,False,True,guitarist_only
3836,127.99453333333334,unknown,True,downward,True,False,False,none
3837,128.0279,unknown,True,downward,True,False,False,none
3838,128.06126666666665,unknown,True,unknown,False,False,False,none
3839,128.09463333333332,unknown,True,downward,True,False,False,none
3840,128.128,forward,True,downward,True,False,False,none
3841,128.16136666666668,downward,True,downward,True,False,False,none
3842,128.19473333333335,unknown,True,downward,True,False,False,none
3843,128.2281,downward,True,downward,True,False,False,none
3844,128.26146666666668,downward,True,unknown,False,False,False,none
3845,128.29483333333334,downward,True,unknown,False,False,False,none
3846,128.3282,unknown,True,unknown,False,False,False,none
3847,128.36156666666668,downward,True,unknown,False,False,False,none
3848,128.39493333333334,downward,True,unknown,False,False,False,none
3849,128.4283,downward,True,unknown,False,False,False,none
3850,128.46166666666667,downward,True,unknown,False,False,False,none
3851,128.49503333333334,downward,True,unknown,False,False,False,none
3852,128.5284,downward,True,unknown,False,False,False,none
3853,128.56176666666667,downward,True,unknown,False,False,False,none
3854,128.59513333333334,downward,True,unknown,False,False,False,none
3855,128.6285,unknown,True,unknown,False,False,False,none
3856,128.66186666666667,downward,True,unknown,False,False,False,none
3857,128.6952333333333,downward,True,unknown,False,False,False,none
3858,128.7286,downward,True,unknown,False,False,False,none
3859,128.76196666666667,downward,True,unknown,False,False,False,none
3860,128.79533333333333,downward,True,unknown,False,False,False,none
3861,128.8287,forward,True,unknown,False,False,False,none
3862,128.86206666666666,forward,True,unknown,False,False,False,none
3863,128.89543333333333,forward,True,unknown,False,False,False,none
3864,128.9288,forward,True,unknown,False,False,False,none
3865,128.96216666666666,forward,True,unknown,False,False,False,none
3866,128.99553333333333,forward,True,unknown,False,False,False,none
3867,129.0289,forward,True,unknown,False,False,False,none
3868,129.06226666666666,forward,True,unknown,False,False,False,none
3869,129.09563333333332,forward,True,unknown,False,False,False,none
3870,129.129,forward,True,unknown,False,False,False,none
3871,129.16236666666666,forward,True,unknown,False,False,False,none
3872,129.19573333333332,forward,True,unknown,False,False,False,none
3873,129.2291,forward,True,unknown,False,False,False,none
3874,129.26246666666665,forward,True,unknown,False,False,False,none
3875,129.29583333333332,forward,True,unknown,False,False,False,none
3876,129.3292,forward,True,unknown,False,False,False,none
3877,129.36256666666668,unknown,True,unknown,False,False,False,none
3878,129.39593333333335,forward,True,unknown,False,False,False,none
3879,129.4293,forward,True,unknown,False,False,False,none
3880,129.46266666666668,forward,True,unknown,False,False,False,none
3881,129.49603333333334,forward,True,unknown,False,False,False,none
3882,129.5294,forward,True,unknown,False,False,False,none
3883,129.56276666666668,unknown,True,unknown,False,False,False,none
3884,129.59613333333334,unknown,True,unknown,False,False,False,none
3885,129.6295,unknown,True,unknown,False,False,False,none
3886,129.66286666666667,unknown,True,unknown,False,False,False,none
3887,129.69623333333334,unknown,True,unknown,False,False,False,none
3888,129.7296,unknown,True,unknown,False,False,False,none
3889,129.76296666666667,forward,True,unknown,False,False,False,none
3890,129.79633333333334,unknown,True,unknown,False,False,False,none
3891,129.8297,unknown,True,unknown,False,False,False,none
3892,129.86306666666667,unknown,True,unknown,False,False,False,none
3893,129.8964333333333,unknown,True,unknown,False,False,False,none
3894,129.9298,unknown,True,unknown,False,False,False,none
3895,129.96316666666667,unknown,True,unknown,False,False,False,none
3896,129.99653333333333,unknown,False,unknown,False,False,False,none
3897,130.0299,unknown,False,unknown,False,False,False,none
3898,130.06326666666666,unknown,False,unknown,False,False,False,none
3899,130.09663333333333,unknown,True,unknown,False,False,False,none
3900,130.13,unknown,False,unknown,False,False,False,none
3901,130.16336666666666,unknown,False,unknown,False,False,False,none
3902,130.19673333333333,unknown,False,unknown,False,False,False,none
3903,130.2301,unknown,False,unknown,False,False,False,none
3904,130.26346666666666,unknown,False,unknown,False,False,False,none
3905,130.29683333333332,unknown,False,unknown,False,False,False,none
3906,130.3302,unknown,False,unknown,False,False,False,none
3907,130.36356666666666,unknown,False,unknown,False,False,False,none
3908,130.39693333333332,unknown,False,unknown,False,False,False,none
3909,130.4303,unknown,False,unknown,False,False,False,none
3910,130.46366666666663,unknown,False,unknown,False,False,False,none
3911,130.49703333333332,unknown,False,unknown,False,False,False,none
3912,130.5304,unknown,False,unknown,False,False,False,none
3913,130.56376666666668,unknown,False,unknown,False,False,False,none
3914,130.59713333333335,unknown,False,unknown,False,False,False,none
3915,130.6305,unknown,False,unknown,False,False,False,none
3916,130.66386666666668,unknown,False,unknown,False,False,False,none
3917,130.69723333333334,unknown,False,unknown,False,False,False,none
3918,130.7306,unknown,False,unknown,False,False,False,none
3919,130.76396666666668,unknown,False,unknown,False,False,False,none
3920,130.79733333333334,unknown,True,unknown,False,False,False,none
3921,130.8307,unknown,True,unknown,False,False,False,none
3922,130.86406666666667,unknown,True,unknown,False,False,False,none
3923,130.89743333333334,unknown,True,unknown,False,False,False,none
3924,130.9308,forward,True,unknown,False,False,False,none
3925,130.96416666666667,unknown,False,unknown,False,False,False,none
3926,130.99753333333334,unknown,False,unknown,False,False,False,none
3927,131.0309,unknown,False,unknown,False,False,False,none
3928,131.06426666666667,unknown,False,unknown,False,False,False,none
3929,131.0976333333333,unknown,True,unknown,False,False,False,none
3930,131.131,unknown,True,unknown,False,False,False,none
3931,131.16436666666667,unknown,True,unknown,False,False,False,none
3932,131.19773333333333,unknown,True,unknown,False,False,False,none
3933,131.2311,unknown,True,unknown,False,False,False,none
3934,131.26446666666666,unknown,True,unknown,False,False,False,none
3935,131.29783333333333,unknown,True,unknown,False,False,False,none
3936,131.3312,unknown,True,unknown,False,False,False,none
3937,131.36456666666666,unknown,True,unknown,False,False,False,none
3938,131.39793333333333,unknown,True,unknown,False,False,False,none
3939,131.4313,unknown,True,unknown,False,False,False,none
3940,131.46466666666666,unknown,True,unknown,False,False,False,none
3941,131.49803333333332,unknown,True,unknown,False,False,False,none
3942,131.5314,unknown,True,unknown,False,False,False,none
3943,131.56476666666666,unknown,True,unknown,False,False,False,none
3944,131.59813333333332,unknown,True,unknown,False,False,False,none
3945,131.6315,unknown,True,unknown,False,False,False,none
3946,131.66486666666663,unknown,True,unknown,False,False,False,none
3947,131.69823333333332,unknown,True,unknown,False,False,False,none
3948,131.7316,unknown,True,unknown,False,False,False,none
3949,131.76496666666668,unknown,True,unknown,False,False,False,none
3950,131.79833333333335,unknown,True,unknown,False,False,False,none
3951,131.8317,unknown,True,unknown,False,False,False,none
3952,131.86506666666668,unknown,True,unknown,False,False,False,none
3953,131.89843333333334,unknown,True,unknown,False,False,False,none
3954,131.9318,unknown,True,unknown,False,False,False,none
3955,131.96516666666668,forward,True,unknown,False,False,False,none
3956,131.99853333333334,unknown,True,unknown,False,False,False,none
3957,132.0319,unknown,True,unknown,False,False,False,none
3958,132.06526666666667,unknown,True,unknown,False,False,False,none
3959,132.09863333333334,unknown,True,unknown,False,False,False,none
3960,132.132,unknown,True,unknown,False,False,False,none
3961,132.16536666666667,unknown,True,unknown,False,False,False,none
3962,132.19873333333334,unknown,True,unknown,False,False,False,none
3963,132.2321,unknown,True,unknown,False,False,False,none
3964,132.26546666666667,unknown,True,unknown,False,False,False,none
3965,132.2988333333333,unknown,True,unknown,False,False,False,none
3966,132.3322,unknown,True,unknown,False,False,False,none
3967,132.36556666666667,unknown,True,unknown,False,False,False,none
3968,132.39893333333333,unknown,True,unknown,False,False,False,none
3969,132.4323,unknown,True,unknown,False,False,False,none
3970,132.46566666666666,unknown,True,unknown,False,False,False,none
3971,132.49903333333333,unknown,True,unknown,False,False,False,none
3972,132.5324,unknown,True,unknown,False,False,False,none
3973,132.56576666666666,unknown,True,unknown,False,False,False,none
3974,132.59913333333333,unknown,True,unknown,False,False,False,none
3975,132.6325,unknown,True,unknown,False,False,False,none
3976,132.66586666666666,unknown,True,unknown,False,False,False,none
3977,132.69923333333332,unknown,True,unknown,False,False,False,none
3978,132.7326,unknown,True,unknown,False,False,False,none
3979,132.76596666666666,unknown,True,unknown,False,False,False,none
3980,132.79933333333332,unknown,True,unknown,False,False,False,none
3981,132.8327,unknown,True,unknown,False,False,False,none
3982,132.86606666666663,unknown,True,unknown,False,False,False,none
3983,132.89943333333332,unknown,True,unknown,False,False,False,none
3984,132.9328,unknown,True,unknown,False,False,False,none
3985,132.96616666666668,unknown,True,unknown,False,False,False,none
3986,132.99953333333335,unknown,True,unknown,False,False,False,none
3987,133.0329,unknown,True,unknown,False,False,False,none
3988,133.06626666666668,unknown,True,unknown,False,False,False,none
3989,133.09963333333334,unknown,True,unknown,False,False,False,none
3990,133.133,unknown,True,unknown,False,False,False,none
3991,133.16636666666668,unknown,True,unknown,False,False,False,none
3992,133.19973333333334,unknown,True,unknown,False,False,False,none
3993,133.2331,unknown,True,unknown,False,False,False,none
3994,133.26646666666667,unknown,True,unknown,False,False,False,none
3995,133.29983333333334,unknown,True,unknown,False,False,False,none
3996,133.3332,unknown,True,unknown,False,False,False,none
3997,133.36656666666667,unknown,True,unknown,False,False,False,none
3998,133.39993333333334,unknown,True,unknown,False,False,False,none
3999,133.4333,unknown,True,unknown,False,False,False,none
4000,133.46666666666667,unknown,True,unknown,False,False,False,none
4001,133.5000333333333,unknown,True,unknown,False,False,False,none
4002,133.5334,unknown,True,unknown,False,False,False,none
4003,133.56676666666667,unknown,True,unknown,False,False,False,none
4004,133.60013333333333,unknown,True,unknown,False,False,False,none
4005,133.6335,unknown,True,unknown,False,False,False,none
4006,133.66686666666666,unknown,True,unknown,False,False,False,none
4007,133.70023333333333,unknown,True,unknown,False,False,False,none
4008,133.7336,unknown,True,unknown,False,False,False,none
4009,133.76696666666666,unknown,True,unknown,False,False,False,none
4010,133.80033333333333,unknown,True,unknown,False,False,False,none
4011,133.8337,unknown,True,unknown,False,False,False,none
4012,133.86706666666666,unknown,True,unknown,False,False,False,none
4013,133.90043333333332,unknown,True,unknown,False,False,False,none
4014,133.9338,unknown,True,unknown,False,False,False,none
4015,133.96716666666666,unknown,True,unknown,False,False,False,none
4016,134.00053333333332,unknown,True,unknown,False,False,False,none
4017,134.0339,unknown,True,unknown,False,False,False,none
4018,134.06726666666663,unknown,True,unknown,False,False,False,none
4019,134.10063333333332,unknown,True,unknown,False,False,False,none
4020,134.134,unknown,True,unknown,False,False,False,none
4021,134.16736666666668,unknown,True,unknown,False,False,False,none
4022,134.20073333333335,unknown,True,unknown,False,False,False,none
4023,134.2341,unknown,True,unknown,False,False,False,none
4024,134.26746666666668,unknown,True,unknown,False,False,False,none
4025,134.30083333333334,unknown,True,unknown,False,False,False,none
4026,134.3342,unknown,True,unknown,False,False,False,none
4027,134.36756666666668,unknown,True,unknown,False,False,False,none
4028,134.40093333333334,unknown,True,unknown,False,False,False,none
4029,134.4343,unknown,True,unknown,False,False,False,none
4030,134.46766666666667,unknown,True,unknown,False,False,False,none
4031,134.50103333333334,unknown,True,unknown,False,False,False,none
4032,134.5344,unknown,True,unknown,False,False,False,none
4033,134.56776666666667,unknown,True,unknown,False,False,False,none
4034,134.60113333333334,unknown,True,unknown,False,False,False,none
